CREATE DATABASE GBSports
GO
USE GBSports
GO

-- 1. Bảng roles
CREATE TABLE roles (
    id_roles INT PRIMARY KEY,
    ma_roles VARCHAR(50),
    ten_roles NVARCHAR(200)
);

-- 2. Bảng tai_khoan
CREATE TABLE tai_khoan (
    id_tai_khoan INT IDENTITY(1,1) PRIMARY KEY,
    id_roles INT REFERENCES roles(id_roles),
    ten_dang_nhap VARCHAR(100),
    mat_khau VARCHAR(200)
);

-- 3. Bảng lich_su_dang_nhap
CREATE TABLE lich_su_dang_nhap (
    id_lich_su_dang_nhap INT IDENTITY(1,1) PRIMARY KEY,
    id_tai_khoan INT REFERENCES tai_khoan(id_tai_khoan),
    ngay_dang_nhap DATETIME,
    ip_adress VARCHAR(200)
);

-- 4. Bảng nhan_vien
CREATE TABLE nhan_vien (
    id_nhan_vien INT IDENTITY(1,1) PRIMARY KEY,
    id_tai_khoan INT REFERENCES tai_khoan(id_tai_khoan),
    ma_nhan_vien VARCHAR(50),
    ten_nhan_vien NVARCHAR(200),
    ngay_sinh DATE,
    email VARCHAR(200),
    dia_chi_lien_he NVARCHAR(200),
    gioi_tinh BIT,
    so_dien_thoai VARCHAR(20),
    anh_nhan_vien VARCHAR(200),
    ngay_tham_gia DATE,
    trang_thai NVARCHAR(50)
);

-- 5. Bảng danh_muc_san_pham
CREATE TABLE danh_muc_san_pham (
    id_danh_muc INT IDENTITY(1,1) PRIMARY KEY,
    ma_danh_muc VARCHAR(50),
    ten_danh_muc NVARCHAR(200),
    trang_thai NVARCHAR(50),
    ngay_tao DATETIME,
    ngay_sua DATETIME
);

-- 6. Bảng chat_lieu
CREATE TABLE chat_lieu (
    id_chat_lieu INT IDENTITY(1,1) PRIMARY KEY,
    ma_chat_lieu VARCHAR(50),
    ten_chat_lieu NVARCHAR(200),
	ngay_tao DATETIME,
	ngay_sua DATETIME,
	trang_thai NVARCHAR(50),
);

-- 7. Bảng thuong_hieu
CREATE TABLE thuong_hieu (
    id_thuong_hieu INT IDENTITY(1,1) PRIMARY KEY,
    ma_thuong_hieu VARCHAR(50),
    ten_thuong_hieu NVARCHAR(200),
    trang_thai NVARCHAR(50),
    ngay_tao DATETIME,
    ngay_sua DATETIME
);

-- 8. Bảng san_pham
CREATE TABLE san_pham (
    id_san_pham INT IDENTITY(1,1) PRIMARY KEY,
    id_danh_muc INT REFERENCES danh_muc_san_pham(id_danh_muc),
    ma_san_pham VARCHAR(50),
    ten_san_pham NVARCHAR(200),
    mo_ta NVARCHAR(250),
    trang_thai NVARCHAR(50),
    id_chat_lieu INT REFERENCES chat_lieu(id_chat_lieu),
    id_thuong_hieu INT REFERENCES thuong_hieu(id_thuong_hieu),
    hinh_anh VARCHAR(200)
);

-- 9. Bảng khuyen_mai
CREATE TABLE khuyen_mai (
    id_khuyen_mai INT IDENTITY(1,1) PRIMARY KEY,
    ma_khuyen_mai VARCHAR(50),
    ten_khuyen_mai NVARCHAR(200),
    mo_ta NVARCHAR(250),
    ngay_bat_dau DATETIME,
    ngay_het_han DATETIME,
    gia_tri_toi_da DECIMAL(12,2),
    gia_tri_giam FLOAT,
    kieu_giam_gia NVARCHAR(50),
    trang_thai NVARCHAR(50)
);

-- 10. Bảng kich_thuoc
CREATE TABLE kich_thuoc (
    id_kich_thuoc INT IDENTITY(1,1) PRIMARY KEY,
    ma_kich_thuoc VARCHAR(50),
    gia_tri VARCHAR(200),
    don_vi NVARCHAR(20),
	trang_thai NVARCHAR(50)
);

-- 11. Bảng mau_sac
CREATE TABLE mau_sac (
    id_mau_sac INT IDENTITY(1,1) PRIMARY KEY,
    ma_mau_sac VARCHAR(50),
    ten_mau_sac NVARCHAR(50),
	trang_thai NVARCHAR(50)
);

-- 12. Bảng chi_tiet_san_pham
CREATE TABLE chi_tiet_san_pham (
    id_chi_tiet_san_pham INT IDENTITY(1,1) PRIMARY KEY,
    id_san_pham INT REFERENCES san_pham(id_san_pham),
    qr_code VARCHAR(200),
    gia_ban DECIMAL(12,2),
    so_luong INT,
    trang_thai NVARCHAR(50),
    ngay_tao DATETIME,
    ngay_sua DATETIME,
    id_kich_thuoc INT REFERENCES kich_thuoc(id_kich_thuoc),
    id_mau_sac INT REFERENCES mau_sac(id_mau_sac)
);

-- 13. Bảng hinh_anh
CREATE TABLE hinh_anh (
    id_hinh_anh INT IDENTITY(1,1) PRIMARY KEY,
    id_chi_tiet_san_pham INT REFERENCES chi_tiet_san_pham(id_chi_tiet_san_pham),
    anh_chinh BIT,
    hinh_anh VARCHAR(200)
);

-- 14. Bảng chi_tiet_khuyen_mai
CREATE TABLE chi_tiet_khuyen_mai (
	id_ctkm INT IDENTITY(1,1) PRIMARY KEY,
    id_khuyen_mai INT REFERENCES khuyen_mai(id_khuyen_mai),
    id_chi_tiet_san_pham INT REFERENCES chi_tiet_san_pham(id_chi_tiet_san_pham),
    gia_sau_giam DECIMAL(12,2)
);

-- 15. Bảng khach_hang
CREATE TABLE khach_hang (
    id_khach_hang INT IDENTITY(1,1) PRIMARY KEY,
    ma_khach_hang VARCHAR(50),
    ten_khach_hang NVARCHAR(200),
    gioi_tinh BIT,
    so_dien_thoai VARCHAR(20),
    ngay_sinh DATE,
    email VARCHAR(200),
    id_tai_khoan INT REFERENCES tai_khoan(id_tai_khoan),
    trang_thai NVARCHAR(50),
	ngay_lap datetime
);

-- 16. Bảng gio_hang
CREATE TABLE gio_hang (
    id_gio_hang INT IDENTITY(1,1) PRIMARY KEY,
    id_khach_hang INT REFERENCES khach_hang(id_khach_hang)
);

-- 17. Bảng chi_tiet_gio_hang
CREATE TABLE chi_tiet_gio_hang (
	id_chi_tiet_gio_hang INT IDENTITY(1,1) PRIMARY KEY,
    id_gio_hang INT REFERENCES gio_hang(id_gio_hang),
    id_chi_tiet_san_pham INT REFERENCES chi_tiet_san_pham(id_chi_tiet_san_pham),
    so_luong INT

);

-- 18. Bảng binh_luan
CREATE TABLE binh_luan (
    id_khach_hang INT REFERENCES khach_hang(id_khach_hang),
    id_chi_tiet_san_pham INT REFERENCES chi_tiet_san_pham(id_chi_tiet_san_pham),
    binh_luan NVARCHAR(250),
    danh_gia FLOAT,
    ngay_binh_luan DATETIME,
    ngay_sua DATETIME,
	da_sua BIT,
    da_chinh_sua BIT,
    PRIMARY KEY (id_khach_hang, id_chi_tiet_san_pham)
);

-- 19. Bảng danh_sach_yeu_thich
CREATE TABLE danh_sach_yeu_thich (
    id_khach_hang INT REFERENCES khach_hang(id_khach_hang),
    id_chi_tiet_san_pham INT REFERENCES chi_tiet_san_pham(id_chi_tiet_san_pham),
    ngay_them DATETIME,
    PRIMARY KEY (id_khach_hang, id_chi_tiet_san_pham)
);

-- 20. Bảng dia_chi_khach_hang
CREATE TABLE dia_chi_khach_hang (
    id_dia_chi_khach_hang INT IDENTITY(1,1) PRIMARY KEY,
    id_khach_hang INT NOT NULL,
	so_nha NVARCHAR(255),
    xa_phuong NVARCHAR(255),
    quan_huyen NVARCHAR(255),
    tinh_thanh_pho NVARCHAR(255),
	dia_chi_mac_dinh BIT DEFAULT 0,  -- Cột mới được thêm, kiểu BIT với giá trị mặc định là 0
    FOREIGN KEY (id_khach_hang) REFERENCES khach_hang(id_khach_hang)
);

-- 21. Bảng voucher
CREATE TABLE voucher (
    id_voucher INT IDENTITY(1,1) PRIMARY KEY,
    ma_voucher VARCHAR(50),
    ten_voucher NVARCHAR(200),
    ngay_tao DATETIME,
    ngay_het_han DATETIME,
    gia_tri_giam DECIMAL(12,2),
    gia_tri_toi_thieu DECIMAL(12,2),
    trang_thai NVARCHAR(50),
    so_luong INT,
    kieu_giam_gia NVARCHAR(20),
    mo_ta NVARCHAR(250),
    gia_tri_toi_da DECIMAL(12,2)
);

-- 22. Bảng hoa_don
CREATE TABLE hoa_don (
    id_hoa_don INT IDENTITY(1,1) PRIMARY KEY,
    ma_hoa_don VARCHAR(50),
    id_nhan_vien INT REFERENCES nhan_vien(id_nhan_vien),
    id_khach_hang INT REFERENCES khach_hang(id_khach_hang),
    ngay_tao DATETIME,
    ngay_sua DATETIME,
    trang_thai NVARCHAR(50),
    id_voucher INT REFERENCES voucher(id_voucher),
    sdt_nguoi_nhan VARCHAR(20),
    dia_chi NVARCHAR(250),
    email VARCHAR(200),
    tong_tien_truoc_giam DECIMAL(12,2),
    phi_van_chuyen DECIMAL(12,2),
    ho_ten NVARCHAR(250),
    tong_tien_sau_giam DECIMAL(12,2),
    hinh_thuc_thanh_toan NVARCHAR(50),
    phuong_thuc_nhan_hang NVARCHAR(100),
	loai_hoa_don NVARCHAR(20),
	ghi_chu NVARCHAR(255),
	phu_thu DECIMAL(12,2)
);

-- 23. Bảng hoa_don_chi_tiet
CREATE TABLE hoa_don_chi_tiet (
    id_hoa_don_chi_tiet INT IDENTITY(1,1),
    id_hoa_don INT REFERENCES hoa_don(id_hoa_don),
    id_chi_tiet_san_pham INT REFERENCES chi_tiet_san_pham(id_chi_tiet_san_pham),
    so_luong INT,
    don_gia DECIMAL(12,2),
    PRIMARY KEY (id_hoa_don_chi_tiet, id_hoa_don, id_chi_tiet_san_pham)
);

-- 24. Bảng theo_doi_don_hang
CREATE TABLE theo_doi_don_hang (
    id_don_hang INT IDENTITY(1,1) PRIMARY KEY,
    id_hoa_don INT REFERENCES hoa_don(id_hoa_don),
    trang_thai NVARCHAR(50),
    ngay_chuyen DATETIME,
	nhan_vien_doi NVARCHAR(255),
	noi_dung_doi NVARCHAR(255)
);

-- 25. Bảng Trả hàng
CREATE TABLE tra_hang (
    id INT IDENTITY(1,1) PRIMARY KEY,
    id_hoa_don INT NOT NULL,
    ly_do NVARCHAR(255) NOT NULL,
    ghi_chu NVARCHAR(500),
    nhan_vien_xu_ly NVARCHAR(100),
    ngay_tao DATETIME NOT NULL,
    trang_thai NVARCHAR(50) NOT NULL, -- Yêu cầu trả hàng, Đã xác nhận, Đã hoàn tiền
    tong_tien_hoan DECIMAL(12,2) NOT NULL,
    FOREIGN KEY (id_hoa_don) REFERENCES hoa_don(id_hoa_don)
);

-- 26. Bảng Chi tiết trả hàng
CREATE TABLE chi_tiet_tra_hang (
    id INT IDENTITY(1,1) PRIMARY KEY,
    id_tra_hang INT NOT NULL,
    id_chi_tiet_san_pham INT NOT NULL,
    so_luong INT NOT NULL,
    tien_hoan DECIMAL(12,2) NOT NULL,
    FOREIGN KEY (id_tra_hang) REFERENCES tra_hang(id),
    FOREIGN KEY (id_chi_tiet_san_pham) REFERENCES chi_tiet_san_pham(id_chi_tiet_san_pham)
);

/*
-- 25. Bảng yeu_cau_doi_hang
CREATE TABLE yeu_cau_doi_hang (
    id_yeu_cau INT IDENTITY(1,1) PRIMARY KEY,
    ma_yeu_cau VARCHAR(50),
    id_hoa_don INT REFERENCES hoa_don(id_hoa_don),
    id_san_pham_moi INT REFERENCES chi_tiet_san_pham(id_chi_tiet_san_pham),
    trang_thai_san_pham NVARCHAR(100),
    ngay_yeu_cau DATETIME,
    ngay_xu_ly DATETIME,
    ly_do_doi NVARCHAR(200)
);

-- 26. Bảng hinh_anh_doi_hang
CREATE TABLE hinh_anh_doi_hang (
    id_hinh_anh_doi INT IDENTITY(1,1) PRIMARY KEY,
    id_yeu_cau INT REFERENCES yeu_cau_doi_hang(id_yeu_cau),
    hinh_anh VARCHAR(250)
);

-- 27. Bảng phieu_doi_hang
CREATE TABLE phieu_doi_hang (
    id_phieu_doi INT IDENTITY(1,1) PRIMARY KEY,
    id_yeu_cau INT REFERENCES yeu_cau_doi_hang(id_yeu_cau),
    ma_phieu_doi VARCHAR(50),
    phuong_thuc_thanh_toan NVARCHAR(50),
    ngay_xuat_phieu DATETIME,
    trang_thai NVARCHAR(50),
    gia_tri_chenh_lech DECIMAL(12,2)
);
*/
-- Chèn dữ liệu mẫu
-- 1. Bảng roles
INSERT INTO roles (id_roles, ma_roles, ten_roles) VALUES
(1, 'ROLE_ADMIN', N'Admin'),
(2, 'ROLE_QL', N'Quản lý'),
(3, 'ROLE_NV', N'Nhân viên'),
(4, 'ROLE_KH', N'Khách hàng');

-- 2. Bảng tai_khoan
SET IDENTITY_INSERT [dbo].[tai_khoan] ON 

INSERT [dbo].[tai_khoan] ([id_tai_khoan], [id_roles], [ten_dang_nhap], [mat_khau]) VALUES (1, 1, N'thuptqph46287', N'$2a$10$azS0R0mtYRBZsFGKRBTGa.EkH8GCEW.8A68NJaH4BZZ0uyNGYlC6O')
INSERT [dbo].[tai_khoan] ([id_tai_khoan], [id_roles], [ten_dang_nhap], [mat_khau]) VALUES (2, 1, N'nghianhph46340', N'$2a$10$ztIesDCgNLhLqVJP6HIUk.RkxDJwY5ouqobxxxvccsPJrYoW73xKy')
INSERT [dbo].[tai_khoan] ([id_tai_khoan], [id_roles], [ten_dang_nhap], [mat_khau]) VALUES (3, 1, N'chinhhtph46334', N'$2a$10$r9tet45dice5TMlHrJslqOLnkBBmSaz91jAzETFJwcsY3drUfh6Wq')
INSERT [dbo].[tai_khoan] ([id_tai_khoan], [id_roles], [ten_dang_nhap], [mat_khau]) VALUES (4, 1, N'dunghbph46428', N'$2a$10$9Sdp2rXiwHZrekDEqLL7wOBUg/7JKt054MWIO/3rxJnjzmgL2wWZK')
INSERT [dbo].[tai_khoan] ([id_tai_khoan], [id_roles], [ten_dang_nhap], [mat_khau]) VALUES (5, 1, N'Lenhpvph46331', N'$2a$10$B7AfyK.XPbtOHLAVZzTF8OQQ58tIxG36l1r2UsyUFWdP1DfHliwrC')
INSERT [dbo].[tai_khoan] ([id_tai_khoan], [id_roles], [ten_dang_nhap], [mat_khau]) VALUES (6, 3, N'huyvtph46307', N'$2a$10$QB407usnS6YcV0miJoJy1OyOyGUjqeCtEEi84tP.1YTccEG.9hlHi')
INSERT [dbo].[tai_khoan] ([id_tai_khoan], [id_roles], [ten_dang_nhap], [mat_khau]) VALUES (7, 3, N'annv', N'$2a$10$41xB8AlWqct3g53fN9LHcePKPcgpH8Afv09QF8pPAVcpJ9vIu8uXe')
INSERT [dbo].[tai_khoan] ([id_tai_khoan], [id_roles], [ten_dang_nhap], [mat_khau]) VALUES (8, 3, N'sayeca2152', N'$2a$10$3ycpUVZ3RDBZCSKa/VRGn.C34J4.Gqsc5F7F0VRbTjpYFAbN7jVy6')
INSERT [dbo].[tai_khoan] ([id_tai_khoan], [id_roles], [ten_dang_nhap], [mat_khau]) VALUES (9, 3, N'duonglt', N'$2a$10$/3q0et56DiKy0KlowC8R/utWgMy9lkJxPEJKIl29N1sHUXBRSTnjO')
INSERT [dbo].[tai_khoan] ([id_tai_khoan], [id_roles], [ten_dang_nhap], [mat_khau]) VALUES (10, 3, N'nhanlt', N'$2a$10$gra.mt1bt0Ht/ir8H8DzDuEu7jX5j1b7AahgxvprIadDOLsBknNIC')
INSERT [dbo].[tai_khoan] ([id_tai_khoan], [id_roles], [ten_dang_nhap], [mat_khau]) VALUES (11, 4, N'customer1', N'cust123')
INSERT [dbo].[tai_khoan] ([id_tai_khoan], [id_roles], [ten_dang_nhap], [mat_khau]) VALUES (12, 4, N'customer2', N'cust456')
INSERT [dbo].[tai_khoan] ([id_tai_khoan], [id_roles], [ten_dang_nhap], [mat_khau]) VALUES (13, 4, N'customer3', N'cust789')
INSERT [dbo].[tai_khoan] ([id_tai_khoan], [id_roles], [ten_dang_nhap], [mat_khau]) VALUES (14, 4, N'customer4', N'cust101')
INSERT [dbo].[tai_khoan] ([id_tai_khoan], [id_roles], [ten_dang_nhap], [mat_khau]) VALUES (15, 4, N'customer5', N'cust112')
INSERT [dbo].[tai_khoan] ([id_tai_khoan], [id_roles], [ten_dang_nhap], [mat_khau]) VALUES (16, 4, N'customer6', N'cust131')
INSERT [dbo].[tai_khoan] ([id_tai_khoan], [id_roles], [ten_dang_nhap], [mat_khau]) VALUES (17, 4, N'customer7', N'cust415')
INSERT [dbo].[tai_khoan] ([id_tai_khoan], [id_roles], [ten_dang_nhap], [mat_khau]) VALUES (18, 4, N'customer8', N'cust161')
INSERT [dbo].[tai_khoan] ([id_tai_khoan], [id_roles], [ten_dang_nhap], [mat_khau]) VALUES (19, 4, N'customer9', N'cust718')
INSERT [dbo].[tai_khoan] ([id_tai_khoan], [id_roles], [ten_dang_nhap], [mat_khau]) VALUES (20, 4, N'customer10', N'cust192')
INSERT [dbo].[tai_khoan] ([id_tai_khoan], [id_roles], [ten_dang_nhap], [mat_khau]) VALUES (21, 4, N'thuptqph46287@fpt.edu.vn', N'$2a$10$51Xio4fftp2hBJNDd38AaOGgC2dmMdhmbyp7bFEHLtESJ4xmHgixq')
INSERT [dbo].[tai_khoan] ([id_tai_khoan], [id_roles], [ten_dang_nhap], [mat_khau]) VALUES (22, 3, N'cokox10734', N'$2a$10$B7CLrcKJZj1G/fvRmjiENOgm4gGw0wBaaYicJyOYW7A.wWImt8oTC')
INSERT [dbo].[tai_khoan] ([id_tai_khoan], [id_roles], [ten_dang_nhap], [mat_khau]) VALUES (23, 3, N'domem41277@insfou.com', N'$2a$10$g6.TscraSsn/S6eAwSV6hOKVRQpy74X6l3mkfiLm2S2B4hsN7lzQK')
SET IDENTITY_INSERT [dbo].[tai_khoan] OFF
GO

-- 3. Bảng lich_su_dang_nhap
/*
INSERT INTO lich_su_dang_nhap (id_tai_khoan, ngay_dang_nhap, ip_adress) VALUES
(1, '2025-03-01 08:00:00', '192.168.1.1');
*/
-- 4. Bảng nhan_vien
SET IDENTITY_INSERT [dbo].[nhan_vien] ON 

INSERT [dbo].[nhan_vien] ([id_nhan_vien], [id_tai_khoan], [ma_nhan_vien], [ten_nhan_vien], [ngay_sinh], [email], [dia_chi_lien_he], [gioi_tinh], [so_dien_thoai], [anh_nhan_vien], [ngay_tham_gia], [trang_thai]) VALUES (1, 7, N'NV06', N'Phạm Huỳnh Như', CAST(N'2003-04-12' AS Date), N'annv@gmail.com', N'Số 123, Phường Tây Tựu, Quận Bắc Từ Liêm, Thành phố Hà Nội', 0, N'0378854735', N'http://res.cloudinary.com/dtwsqkqpc/image/upload/v1744744220/thinucqttrbsqtawvtmt.png', CAST(N'2023-07-01' AS Date), N'Đang hoạt động')
INSERT [dbo].[nhan_vien] ([id_nhan_vien], [id_tai_khoan], [ma_nhan_vien], [ten_nhan_vien], [ngay_sinh], [email], [dia_chi_lien_he], [gioi_tinh], [so_dien_thoai], [anh_nhan_vien], [ngay_tham_gia], [trang_thai]) VALUES (2, 8, N'NV07', N'Hà Trung Thành', CAST(N'2001-11-15' AS Date), N'sayeca2152@clubemp.com', N'Số 3 ngõ 8, Xã Bình Ba, Huyện Châu Đức, Tỉnh Bà Rịa - Vũng Tàu', 1, N'0325467834', N'http://res.cloudinary.com/dtwsqkqpc/image/upload/v1744743508/wp4csjax5n7vj3dtegjg.jpg', CAST(N'2023-07-01' AS Date), N'Đang hoạt động')
INSERT [dbo].[nhan_vien] ([id_nhan_vien], [id_tai_khoan], [ma_nhan_vien], [ten_nhan_vien], [ngay_sinh], [email], [dia_chi_lien_he], [gioi_tinh], [so_dien_thoai], [anh_nhan_vien], [ngay_tham_gia], [trang_thai]) VALUES (3, 9, N'NV08', N'Lê Thành Dương', CAST(N'2000-01-17' AS Date), N'duonglt@gmail.com', N'Khu 7, Xã Mai Hạ, Huyện Mai Châu, Tỉnh Hoà Bình', 1, N'0987678543', N'http://res.cloudinary.com/dtwsqkqpc/image/upload/v1744743986/vbvzc09ar2rbqh3l57j9.jpg', CAST(N'2023-07-01' AS Date), N'Ngừng hoạt động')
INSERT [dbo].[nhan_vien] ([id_nhan_vien], [id_tai_khoan], [ma_nhan_vien], [ten_nhan_vien], [ngay_sinh], [email], [dia_chi_lien_he], [gioi_tinh], [so_dien_thoai], [anh_nhan_vien], [ngay_tham_gia], [trang_thai]) VALUES (4, 10, N'NV09', N'Lê Thị Nhàn', CAST(N'1999-08-29' AS Date), N'nhanlt@gmail.com', N'Khu 8, Xã Đông Xá, Huyện Vân Đồn, Tỉnh Quảng Ninh', 0, N'0987678531', N'http://res.cloudinary.com/dtwsqkqpc/image/upload/v1744744689/dmwu6isi5xvvb3wz0ejc.jpg', CAST(N'2023-07-01' AS Date), N'Ngừng hoạt động')
INSERT [dbo].[nhan_vien] ([id_nhan_vien], [id_tai_khoan], [ma_nhan_vien], [ten_nhan_vien], [ngay_sinh], [email], [dia_chi_lien_he], [gioi_tinh], [so_dien_thoai], [anh_nhan_vien], [ngay_tham_gia], [trang_thai]) VALUES (5, 1, N'NV01', N'Phạm Thị Quỳnh Thu', CAST(N'2002-12-13' AS Date), N'thuptqph46287@fpt.edu.vn', N'Số 5, Xã Vân Canh, Huyện Hoài Đức, Thành phố Hà Nội', 0, N'0359765372', N'http://res.cloudinary.com/dtwsqkqpc/image/upload/v1744671232/adwkkwbq7abdx1ong8na.jpg', CAST(N'2023-03-01' AS Date), N'Đang hoạt động')
INSERT [dbo].[nhan_vien] ([id_nhan_vien], [id_tai_khoan], [ma_nhan_vien], [ten_nhan_vien], [ngay_sinh], [email], [dia_chi_lien_he], [gioi_tinh], [so_dien_thoai], [anh_nhan_vien], [ngay_tham_gia], [trang_thai]) VALUES (6, 2, N'NV02', N'Nguyễn Hữu Nghĩa', CAST(N'2000-10-17' AS Date), N'nghianhph46340@fpt.edu.vn', N'Số 7, Phường Phương Canh, Quận Nam Từ Liêm, Thành phố Hà Nội', 1, N'0353225292', N'http://res.cloudinary.com/dtwsqkqpc/image/upload/v1744744074/izgtnr5eedq6ljkliysf.jpg', CAST(N'2023-02-01' AS Date), N'Đang hoạt động')
INSERT [dbo].[nhan_vien] ([id_nhan_vien], [id_tai_khoan], [ma_nhan_vien], [ten_nhan_vien], [ngay_sinh], [email], [dia_chi_lien_he], [gioi_tinh], [so_dien_thoai], [anh_nhan_vien], [ngay_tham_gia], [trang_thai]) VALUES (7, 3, N'NV03', N'Hoàng Thọ Chính', CAST(N'2004-12-13' AS Date), N'chinhhtph46334@fpt.edu.vn', N'Số 5, Xã Vân Canh, Huyện Hoài Đức, Thành phố Hà Nội', 1, N'0989864737', N'http://res.cloudinary.com/dtwsqkqpc/image/upload/v1744743508/wp4csjax5n7vj3dtegjg.jpg', CAST(N'2023-03-01' AS Date), N'Đang hoạt động')
INSERT [dbo].[nhan_vien] ([id_nhan_vien], [id_tai_khoan], [ma_nhan_vien], [ten_nhan_vien], [ngay_sinh], [email], [dia_chi_lien_he], [gioi_tinh], [so_dien_thoai], [anh_nhan_vien], [ngay_tham_gia], [trang_thai]) VALUES (8, 4, N'NV04', N'Hồ Bá Dũng', CAST(N'2004-11-14' AS Date), N'dunghbph46428@fpt.edu.vn', N'Số 7 ngõ 324, Phường Láng Thượng, Quận Đống Đa, Thành phố Hà Nội', 1, N'0397572262', N'http://res.cloudinary.com/dtwsqkqpc/image/upload/v1744743526/abgnjeqg7e0fwjqmjhin.jpg', CAST(N'2023-06-01' AS Date), N'Đang hoạt động')
INSERT [dbo].[nhan_vien] ([id_nhan_vien], [id_tai_khoan], [ma_nhan_vien], [ten_nhan_vien], [ngay_sinh], [email], [dia_chi_lien_he], [gioi_tinh], [so_dien_thoai], [anh_nhan_vien], [ngay_tham_gia], [trang_thai]) VALUES (9, 5, N'NV05', N'Phùn Văn Lềnh', CAST(N'2003-09-10' AS Date), N'lenhpvph46331@fpt.edu.vn', N'Số 4 ngõ 45, Phường Cổ Nhuế 2, Quận Bắc Từ Liêm, Thành phố Hà Nội', 1, N'0388109763', N'http://res.cloudinary.com/dtwsqkqpc/image/upload/v1744667266/gk7wiekov1xmvjagncbi.jpg', CAST(N'2023-07-01' AS Date), N'Ngừng hoạt động')
INSERT [dbo].[nhan_vien] ([id_nhan_vien], [id_tai_khoan], [ma_nhan_vien], [ten_nhan_vien], [ngay_sinh], [email], [dia_chi_lien_he], [gioi_tinh], [so_dien_thoai], [anh_nhan_vien], [ngay_tham_gia], [trang_thai]) VALUES (10, 6, N'NV10', N'Vũ Tuấn Huy', CAST(N'2004-02-15' AS Date), N'huyvtph46307@fpt.edu.vn', N'Số 26, Phường Đội Cấn, Quận Ba Đình, Thành phố Hà Nội', 1, N'0912301363', N'http://res.cloudinary.com/dtwsqkqpc/image/upload/v1744711969/ccdqoidyj8awtkdnkhva.jpg', NULL, N'Đang hoạt động')
INSERT [dbo].[nhan_vien] ([id_nhan_vien], [id_tai_khoan], [ma_nhan_vien], [ten_nhan_vien], [ngay_sinh], [email], [dia_chi_lien_he], [gioi_tinh], [so_dien_thoai], [anh_nhan_vien], [ngay_tham_gia], [trang_thai]) VALUES (11, 22, N'NV11', N'Trần Văn Lềnh A', CAST(N'2004-08-11' AS Date), N'cokox10734@anlocc.com', N'Khu 11, Xã Leng Su Sìn, Huyện Mường Nhé, Tỉnh Điện Biên', 1, N'0785646574', N'http://res.cloudinary.com/dtwsqkqpc/image/upload/v1744667266/gk7wiekov1xmvjagncbi.jpg', CAST(N'2023-07-01' AS Date), N'Đang hoạt động')
INSERT [dbo].[nhan_vien] ([id_nhan_vien], [id_tai_khoan], [ma_nhan_vien], [ten_nhan_vien], [ngay_sinh], [email], [dia_chi_lien_he], [gioi_tinh], [so_dien_thoai], [anh_nhan_vien], [ngay_tham_gia], [trang_thai]) VALUES (12, 23, N'NV12', N'Trần Đình Phong', CAST(N'2004-05-18' AS Date), N'domem41277@insfou.com', N'Số 10,Khu 3, Xã Côn Lôn, Huyện Na Hang, Tỉnh Tuyên Quang', 1, N'0989786457', N'http://res.cloudinary.com/dtwsqkqpc/image/upload/v1744801260/msofqzb7afwtjljezzk6.jpg', NULL, N'Đang hoạt động')
SET IDENTITY_INSERT [dbo].[nhan_vien] OFF
GO
-- 5. Bảng danh_muc_san_pham
SET IDENTITY_INSERT [dbo].[danh_muc_san_pham] ON 

INSERT [dbo].[danh_muc_san_pham] ([id_danh_muc], [ma_danh_muc], [ten_danh_muc], [trang_thai], [ngay_tao], [ngay_sua]) VALUES (1, N'DM001', N'Bóng đá', N'Hoạt động', CAST(N'2025-04-10T00:00:00.000' AS DateTime), CAST(N'2025-04-10T00:00:00.000' AS DateTime))
INSERT [dbo].[danh_muc_san_pham] ([id_danh_muc], [ma_danh_muc], [ten_danh_muc], [trang_thai], [ngay_tao], [ngay_sua]) VALUES (2, N'DM002', N'Bóng rổ', N'Hoạt động', CAST(N'2025-04-10T00:00:00.000' AS DateTime), CAST(N'2025-04-10T00:00:00.000' AS DateTime))
INSERT [dbo].[danh_muc_san_pham] ([id_danh_muc], [ma_danh_muc], [ten_danh_muc], [trang_thai], [ngay_tao], [ngay_sua]) VALUES (3, N'DM003', N'Cầu lông', N'Hoạt động', CAST(N'2025-04-10T00:00:00.000' AS DateTime), CAST(N'2025-04-10T00:00:00.000' AS DateTime))
INSERT [dbo].[danh_muc_san_pham] ([id_danh_muc], [ma_danh_muc], [ten_danh_muc], [trang_thai], [ngay_tao], [ngay_sua]) VALUES (4, N'DM004', N'Chạy bộ', N'Hoạt động', CAST(N'2025-04-10T00:00:00.000' AS DateTime), CAST(N'2025-04-10T00:00:00.000' AS DateTime))
INSERT [dbo].[danh_muc_san_pham] ([id_danh_muc], [ma_danh_muc], [ten_danh_muc], [trang_thai], [ngay_tao], [ngay_sua]) VALUES (5, N'DM005', N'Bơi lội', N'Hoạt động', CAST(N'2025-04-10T00:00:00.000' AS DateTime), CAST(N'2025-04-10T00:00:00.000' AS DateTime))
INSERT [dbo].[danh_muc_san_pham] ([id_danh_muc], [ma_danh_muc], [ten_danh_muc], [trang_thai], [ngay_tao], [ngay_sua]) VALUES (6, N'DM006', N'Đạp xe', N'Hoạt động', CAST(N'2025-04-10T00:00:00.000' AS DateTime), CAST(N'2025-04-10T00:00:00.000' AS DateTime))
INSERT [dbo].[danh_muc_san_pham] ([id_danh_muc], [ma_danh_muc], [ten_danh_muc], [trang_thai], [ngay_tao], [ngay_sua]) VALUES (7, N'DM007', N'Leo núi', N'Hoạt động', CAST(N'2025-04-10T00:00:00.000' AS DateTime), CAST(N'2025-04-10T00:00:00.000' AS DateTime))
INSERT [dbo].[danh_muc_san_pham] ([id_danh_muc], [ma_danh_muc], [ten_danh_muc], [trang_thai], [ngay_tao], [ngay_sua]) VALUES (8, N'DM008', N'Yoga', N'Hoạt động', CAST(N'2025-04-10T00:00:00.000' AS DateTime), CAST(N'2025-04-10T00:00:00.000' AS DateTime))
INSERT [dbo].[danh_muc_san_pham] ([id_danh_muc], [ma_danh_muc], [ten_danh_muc], [trang_thai], [ngay_tao], [ngay_sua]) VALUES (9, N'DM009', N'Áo thể thao nam', N'Hoạt động', CAST(N'2025-04-10T00:00:00.000' AS DateTime), CAST(N'2025-04-10T00:00:00.000' AS DateTime))
INSERT [dbo].[danh_muc_san_pham] ([id_danh_muc], [ma_danh_muc], [ten_danh_muc], [trang_thai], [ngay_tao], [ngay_sua]) VALUES (10, N'DM010', N'Quần thể thao nam', N'Hoạt động', CAST(N'2025-04-10T00:00:00.000' AS DateTime), CAST(N'2025-04-10T00:00:00.000' AS DateTime))
INSERT [dbo].[danh_muc_san_pham] ([id_danh_muc], [ma_danh_muc], [ten_danh_muc], [trang_thai], [ngay_tao], [ngay_sua]) VALUES (11, N'DM011', N'Đồ tập gym nam', N'Hoạt động', CAST(N'2025-04-10T00:00:00.000' AS DateTime), CAST(N'2025-04-10T00:00:00.000' AS DateTime))
INSERT [dbo].[danh_muc_san_pham] ([id_danh_muc], [ma_danh_muc], [ten_danh_muc], [trang_thai], [ngay_tao], [ngay_sua]) VALUES (12, N'DM012', N'Đồ thi đấu nam', N'Hoạt động', CAST(N'2025-04-10T00:00:00.000' AS DateTime), CAST(N'2025-04-10T00:00:00.000' AS DateTime))
INSERT [dbo].[danh_muc_san_pham] ([id_danh_muc], [ma_danh_muc], [ten_danh_muc], [trang_thai], [ngay_tao], [ngay_sua]) VALUES (13, N'DM013', N'Áo thể thao nữ', N'Hoạt động', CAST(N'2025-04-10T00:00:00.000' AS DateTime), CAST(N'2025-04-10T00:00:00.000' AS DateTime))
INSERT [dbo].[danh_muc_san_pham] ([id_danh_muc], [ma_danh_muc], [ten_danh_muc], [trang_thai], [ngay_tao], [ngay_sua]) VALUES (14, N'DM014', N'Quần thể thao nữ', N'Hoạt động', CAST(N'2025-04-10T00:00:00.000' AS DateTime), CAST(N'2025-04-10T00:00:00.000' AS DateTime))
INSERT [dbo].[danh_muc_san_pham] ([id_danh_muc], [ma_danh_muc], [ten_danh_muc], [trang_thai], [ngay_tao], [ngay_sua]) VALUES (15, N'DM015', N'Đồ tập gym/yoga nữ', N'Hoạt động', CAST(N'2025-04-10T00:00:00.000' AS DateTime), CAST(N'2025-04-10T00:00:00.000' AS DateTime))
INSERT [dbo].[danh_muc_san_pham] ([id_danh_muc], [ma_danh_muc], [ten_danh_muc], [trang_thai], [ngay_tao], [ngay_sua]) VALUES (16, N'DM016', N'Đồ thi đấu nữ', N'Hoạt động', CAST(N'2025-04-10T00:00:00.000' AS DateTime), CAST(N'2025-04-10T00:00:00.000' AS DateTime))
SET IDENTITY_INSERT [dbo].[danh_muc_san_pham] OFF
GO

-- 6. Bảng chat_lieu
SET IDENTITY_INSERT [dbo].[chat_lieu] ON 

INSERT [dbo].[chat_lieu] ([id_chat_lieu], [ma_chat_lieu], [ten_chat_lieu], [ngay_tao], [ngay_sua], [trang_thai]) VALUES (1, N'CL001', N'Polyester', CAST(N'2025-04-10T00:00:00.000' AS DateTime), CAST(N'2025-04-10T00:00:00.000' AS DateTime), N'Hoạt động')
INSERT [dbo].[chat_lieu] ([id_chat_lieu], [ma_chat_lieu], [ten_chat_lieu], [ngay_tao], [ngay_sua], [trang_thai]) VALUES (2, N'CL002', N'Spandex (Elastane)', CAST(N'2025-04-10T00:00:00.000' AS DateTime), CAST(N'2025-04-10T00:00:00.000' AS DateTime), N'Hoạt động')
INSERT [dbo].[chat_lieu] ([id_chat_lieu], [ma_chat_lieu], [ten_chat_lieu], [ngay_tao], [ngay_sua], [trang_thai]) VALUES (3, N'CL003', N'Cotton', CAST(N'2025-04-10T00:00:00.000' AS DateTime), CAST(N'2025-04-10T00:00:00.000' AS DateTime), N'Hoạt động')
INSERT [dbo].[chat_lieu] ([id_chat_lieu], [ma_chat_lieu], [ten_chat_lieu], [ngay_tao], [ngay_sua], [trang_thai]) VALUES (4, N'CL004', N'Mesh (Vải lưới)', CAST(N'2025-04-10T00:00:00.000' AS DateTime), CAST(N'2025-04-10T00:00:00.000' AS DateTime), N'Hoạt động')
INSERT [dbo].[chat_lieu] ([id_chat_lieu], [ma_chat_lieu], [ten_chat_lieu], [ngay_tao], [ngay_sua], [trang_thai]) VALUES (5, N'CL005', N'Nylon', CAST(N'2025-04-10T00:00:00.000' AS DateTime), CAST(N'2025-04-10T00:00:00.000' AS DateTime), N'Hoạt động')
INSERT [dbo].[chat_lieu] ([id_chat_lieu], [ma_chat_lieu], [ten_chat_lieu], [ngay_tao], [ngay_sua], [trang_thai]) VALUES (6, N'CL006', N'Microfiber', CAST(N'2025-04-10T00:00:00.000' AS DateTime), CAST(N'2025-04-10T00:00:00.000' AS DateTime), N'Hoạt động')
INSERT [dbo].[chat_lieu] ([id_chat_lieu], [ma_chat_lieu], [ten_chat_lieu], [ngay_tao], [ngay_sua], [trang_thai]) VALUES (7, N'CL007', N'Poly Blend (Pha Polyester)', CAST(N'2025-04-10T00:00:00.000' AS DateTime), CAST(N'2025-04-10T00:00:00.000' AS DateTime), N'Hoạt động')
INSERT [dbo].[chat_lieu] ([id_chat_lieu], [ma_chat_lieu], [ten_chat_lieu], [ngay_tao], [ngay_sua], [trang_thai]) VALUES (8, N'CL008', N'Cotton Blend (Pha Cotton)', CAST(N'2025-04-10T00:00:00.000' AS DateTime), CAST(N'2025-04-10T00:00:00.000' AS DateTime), N'Hoạt động')
INSERT [dbo].[chat_lieu] ([id_chat_lieu], [ma_chat_lieu], [ten_chat_lieu], [ngay_tao], [ngay_sua], [trang_thai]) VALUES (9, N'CL009', N'Cao su tổng hợp', CAST(N'2025-04-10T00:00:00.000' AS DateTime), CAST(N'2025-04-10T00:00:00.000' AS DateTime), N'Hoạt động')
INSERT [dbo].[chat_lieu] ([id_chat_lieu], [ma_chat_lieu], [ten_chat_lieu], [ngay_tao], [ngay_sua], [trang_thai]) VALUES (10, N'CL010', N'Da tổng hợp (Synthetic Leather)', CAST(N'2025-04-10T00:00:00.000' AS DateTime), CAST(N'2025-04-10T00:00:00.000' AS DateTime), N'Hoạt động')
INSERT [dbo].[chat_lieu] ([id_chat_lieu], [ma_chat_lieu], [ten_chat_lieu], [ngay_tao], [ngay_sua], [trang_thai]) VALUES (11, N'CL011', N'Silicone', CAST(N'2025-04-10T00:00:00.000' AS DateTime), CAST(N'2025-04-10T00:00:00.000' AS DateTime), N'Hoạt động')
INSERT [dbo].[chat_lieu] ([id_chat_lieu], [ma_chat_lieu], [ten_chat_lieu], [ngay_tao], [ngay_sua], [trang_thai]) VALUES (12, N'CL012', N'Nhựa ABS/PC', CAST(N'2025-04-10T00:00:00.000' AS DateTime), CAST(N'2025-04-10T00:00:00.000' AS DateTime), N'Hoạt động')
INSERT [dbo].[chat_lieu] ([id_chat_lieu], [ma_chat_lieu], [ten_chat_lieu], [ngay_tao], [ngay_sua], [trang_thai]) VALUES (13, N'CL013', N'Thun lạnh', CAST(N'2025-04-10T00:00:00.000' AS DateTime), CAST(N'2025-04-10T00:00:00.000' AS DateTime), N'Hoạt động')
INSERT [dbo].[chat_lieu] ([id_chat_lieu], [ma_chat_lieu], [ten_chat_lieu], [ngay_tao], [ngay_sua], [trang_thai]) VALUES (14, N'CL014', N'Vải dù', CAST(N'2025-04-10T00:00:00.000' AS DateTime), CAST(N'2025-04-10T00:00:00.000' AS DateTime), N'Hoạt động')
SET IDENTITY_INSERT [dbo].[chat_lieu] OFF
GO

-- 7. Bảng thuong_hieu
SET IDENTITY_INSERT [dbo].[thuong_hieu] ON 

INSERT [dbo].[thuong_hieu] ([id_thuong_hieu], [ma_thuong_hieu], [ten_thuong_hieu], [trang_thai], [ngay_tao], [ngay_sua]) VALUES (1, N'TH001', N'Nike', N'Hoạt động', CAST(N'2025-04-10T00:00:00.000' AS DateTime), CAST(N'2025-04-10T00:00:00.000' AS DateTime))
INSERT [dbo].[thuong_hieu] ([id_thuong_hieu], [ma_thuong_hieu], [ten_thuong_hieu], [trang_thai], [ngay_tao], [ngay_sua]) VALUES (2, N'TH002', N'Adidas', N'Hoạt động', CAST(N'2025-04-10T00:00:00.000' AS DateTime), CAST(N'2025-04-10T00:00:00.000' AS DateTime))
INSERT [dbo].[thuong_hieu] ([id_thuong_hieu], [ma_thuong_hieu], [ten_thuong_hieu], [trang_thai], [ngay_tao], [ngay_sua]) VALUES (3, N'TH003', N'Fila', N'Hoạt động', CAST(N'2025-04-10T00:00:00.000' AS DateTime), CAST(N'2025-04-10T00:00:00.000' AS DateTime))
INSERT [dbo].[thuong_hieu] ([id_thuong_hieu], [ma_thuong_hieu], [ten_thuong_hieu], [trang_thai], [ngay_tao], [ngay_sua]) VALUES (4, N'TH004', N'Speedo', N'Hoạt động', CAST(N'2025-04-10T00:00:00.000' AS DateTime), CAST(N'2025-04-10T00:00:00.000' AS DateTime))
INSERT [dbo].[thuong_hieu] ([id_thuong_hieu], [ma_thuong_hieu], [ten_thuong_hieu], [trang_thai], [ngay_tao], [ngay_sua]) VALUES (5, N'TH005', N'Hoka', N'Hoạt động', CAST(N'2025-04-10T00:00:00.000' AS DateTime), CAST(N'2025-04-10T00:00:00.000' AS DateTime))
INSERT [dbo].[thuong_hieu] ([id_thuong_hieu], [ma_thuong_hieu], [ten_thuong_hieu], [trang_thai], [ngay_tao], [ngay_sua]) VALUES (6, N'TH006', N'Skechers', N'Hoạt động', CAST(N'2025-04-10T00:00:00.000' AS DateTime), CAST(N'2025-04-10T00:00:00.000' AS DateTime))
INSERT [dbo].[thuong_hieu] ([id_thuong_hieu], [ma_thuong_hieu], [ten_thuong_hieu], [trang_thai], [ngay_tao], [ngay_sua]) VALUES (7, N'TH007', N'Columbia', N'Hoạt động', CAST(N'2025-04-10T00:00:00.000' AS DateTime), CAST(N'2025-04-10T00:00:00.000' AS DateTime))
INSERT [dbo].[thuong_hieu] ([id_thuong_hieu], [ma_thuong_hieu], [ten_thuong_hieu], [trang_thai], [ngay_tao], [ngay_sua]) VALUES (8, N'TH008', N'Under Armour', N'Hoạt động', CAST(N'2025-04-10T00:00:00.000' AS DateTime), CAST(N'2025-04-10T00:00:00.000' AS DateTime))
INSERT [dbo].[thuong_hieu] ([id_thuong_hieu], [ma_thuong_hieu], [ten_thuong_hieu], [trang_thai], [ngay_tao], [ngay_sua]) VALUES (9, N'TH009', N'Crocs', N'Không hoạt động', CAST(N'2025-04-10T00:00:00.000' AS DateTime), CAST(N'2025-04-10T00:00:00.000' AS DateTime))
INSERT [dbo].[thuong_hieu] ([id_thuong_hieu], [ma_thuong_hieu], [ten_thuong_hieu], [trang_thai], [ngay_tao], [ngay_sua]) VALUES (10, N'TH010', N'Teva', N'Không hoạt động', CAST(N'2025-04-10T00:00:00.000' AS DateTime), CAST(N'2025-04-10T00:00:00.000' AS DateTime))
INSERT [dbo].[thuong_hieu] ([id_thuong_hieu], [ma_thuong_hieu], [ten_thuong_hieu], [trang_thai], [ngay_tao], [ngay_sua]) VALUES (11, N'TH011', N'Puma', N'Hoạt động', CAST(N'2025-04-10T00:00:00.000' AS DateTime), CAST(N'2025-04-10T00:00:00.000' AS DateTime))
INSERT [dbo].[thuong_hieu] ([id_thuong_hieu], [ma_thuong_hieu], [ten_thuong_hieu], [trang_thai], [ngay_tao], [ngay_sua]) VALUES (12, N'TH012', N'Asics', N'Hoạt động', CAST(N'2025-04-10T00:00:00.000' AS DateTime), CAST(N'2025-04-10T00:00:00.000' AS DateTime))
INSERT [dbo].[thuong_hieu] ([id_thuong_hieu], [ma_thuong_hieu], [ten_thuong_hieu], [trang_thai], [ngay_tao], [ngay_sua]) VALUES (13, N'TH013', N'Li-Ning', N'Hoạt động', CAST(N'2025-04-10T00:00:00.000' AS DateTime), CAST(N'2025-04-10T00:00:00.000' AS DateTime))
INSERT [dbo].[thuong_hieu] ([id_thuong_hieu], [ma_thuong_hieu], [ten_thuong_hieu], [trang_thai], [ngay_tao], [ngay_sua]) VALUES (14, N'TH014', N'Yonex', N'Hoạt động', CAST(N'2025-04-10T00:00:00.000' AS DateTime), CAST(N'2025-04-10T00:00:00.000' AS DateTime))
SET IDENTITY_INSERT [dbo].[thuong_hieu] OFF
GO

-- 8. Bảng san_pham
SET IDENTITY_INSERT [dbo].[san_pham] ON 

INSERT [dbo].[san_pham] ([id_san_pham], [id_danh_muc], [ma_san_pham], [ten_san_pham], [mo_ta], [trang_thai], [id_chat_lieu], [id_thuong_hieu], [hinh_anh]) VALUES (1, 1, N'SP001', N'Áo đấu bóng đá Nike Dri-FIT Academy 23 Nam', N'Áo đấu thoáng khí, thấm hút mồ hôi tốt', N'Hoạt động', 1, 1, N'https://res.cloudinary.com/dtwsqkqpc/image/upload/v1745059367/FN8780-322-1_zgpcl9.jpg')
INSERT [dbo].[san_pham] ([id_san_pham], [id_danh_muc], [ma_san_pham], [ten_san_pham], [mo_ta], [trang_thai], [id_chat_lieu], [id_thuong_hieu], [hinh_anh]) VALUES (2, 1, N'SP002', N'Áo đấu Adidas Tiro 23 Competition Nam', N'Thiết kế chuyên nghiệp cho thi đấu', N'Hoạt động', 7, 2, N'https://res.cloudinary.com/dtwsqkqpc/image/upload/v1745061574/hk7638-s1_iwzkzn.jpg')
INSERT [dbo].[san_pham] ([id_san_pham], [id_danh_muc], [ma_san_pham], [ten_san_pham], [mo_ta], [trang_thai], [id_chat_lieu], [id_thuong_hieu], [hinh_anh]) VALUES (3, 1, N'SP003', N'Áo đấu Puma teamLIGA Jersey Nam', N'Chất liệu nhẹ, co giãn thoải mái', N'Hoạt động', 1, 11, N'https://res.cloudinary.com/dtwsqkqpc/image/upload/v1745062050/25-d_C3_A0nh-cho-nam_p64h5i.jpg')
INSERT [dbo].[san_pham] ([id_san_pham], [id_danh_muc], [ma_san_pham], [ten_san_pham], [mo_ta], [trang_thai], [id_chat_lieu], [id_thuong_hieu], [hinh_anh]) VALUES (4, 1, N'SP004', N'Áo đấu không logo CLB Tự Do', N'Áo đấu trơn, thích hợp in ấn', N'Hoạt động', 1, 13, N'https://res.cloudinary.com/dtwsqkqpc/image/upload/v1745062496/viet-nam-s2-den-400x400.jpg_likiq0.webp')
INSERT [dbo].[san_pham] ([id_san_pham], [id_danh_muc], [ma_san_pham], [ten_san_pham], [mo_ta], [trang_thai], [id_chat_lieu], [id_thuong_hieu], [hinh_anh]) VALUES (5, 1, N'SP005', N'Áo đấu sân khách Real Madrid 23/24', N'Phiên bản áo đấu chính thức', N'Hoạt động', 7, 2, N'https://res.cloudinary.com/dtwsqkqpc/image/upload/v1745063123/Ao_DJau_San_Khach_Real_Madrid_23-24_Mau_xanh_da_troi_IJ5901_HM30_uhclkz.jpg')
INSERT [dbo].[san_pham] ([id_san_pham], [id_danh_muc], [ma_san_pham], [ten_san_pham], [mo_ta], [trang_thai], [id_chat_lieu], [id_thuong_hieu], [hinh_anh]) VALUES (6, 1, N'SP006', N'Quần short bóng đá Nike Dri-FIT Strike', N'Quần short nhẹ, linh hoạt', N'Hoạt động', 1, 1, N'https://res.cloudinary.com/dtwsqkqpc/image/upload/v1745063575/Quan-Nike-Strike-Mens-Dri-FIT-Football-Shorts-FN2402-069-5_ae84ps.jpg')
INSERT [dbo].[san_pham] ([id_san_pham], [id_danh_muc], [ma_san_pham], [ten_san_pham], [mo_ta], [trang_thai], [id_chat_lieu], [id_thuong_hieu], [hinh_anh]) VALUES (7, 1, N'SP007', N'Quần short Adidas Squadra 21', N'Thiết kế đơn giản, bền bỉ', N'Hoạt động', 1, 2, N'https://res.cloudinary.com/dtwsqkqpc/image/upload/v1745064028/GN5776_pantalon-corto-adidas-squadra-21-color-negro_1_completa-frontal_i0enpc.jpg')
INSERT [dbo].[san_pham] ([id_san_pham], [id_danh_muc], [ma_san_pham], [ten_san_pham], [mo_ta], [trang_thai], [id_chat_lieu], [id_thuong_hieu], [hinh_anh]) VALUES (8, 1, N'SP008', N'Quần short Puma teamFINAL 21 Knit', N'Chất liệu dệt kim thoáng mát', N'Hoạt động', 7, 11, N'https://res.cloudinary.com/dtwsqkqpc/image/upload/v1745064796/62470301-1_evgikj.jpg')
INSERT [dbo].[san_pham] ([id_san_pham], [id_danh_muc], [ma_san_pham], [ten_san_pham], [mo_ta], [trang_thai], [id_chat_lieu], [id_thuong_hieu], [hinh_anh]) VALUES (10, 1, N'SP010', N'Tất dài bóng đá Nike Classic II Cushion', N'Tất dày, hỗ trợ bàn chân', N'Hoạt động', 8, 1, N'https://res.cloudinary.com/dtwsqkqpc/image/upload/v1745067097/U_NK_ACDMY_OTC_132_a3t1sh.jpg')
INSERT [dbo].[san_pham] ([id_san_pham], [id_danh_muc], [ma_san_pham], [ten_san_pham], [mo_ta], [trang_thai], [id_chat_lieu], [id_thuong_hieu], [hinh_anh]) VALUES (11, 1, N'SP011', N'Tất dài Adidas Milano 23', N'Thiết kế ôm chân, chống trượt', N'Hoạt động', 5, 2, N'https://res.cloudinary.com/dtwsqkqpc/image/upload/v1745067875/2_AJ5906_01_smdlq4.jpg')
INSERT [dbo].[san_pham] ([id_san_pham], [id_danh_muc], [ma_san_pham], [ten_san_pham], [mo_ta], [trang_thai], [id_chat_lieu], [id_thuong_hieu], [hinh_anh]) VALUES (12, 1, N'SP012', N'Tất dài chống trơn cao cấp', N'Tăng cường độ bám trong giày', N'Hoạt động', 7, 11, N'https://res.cloudinary.com/dtwsqkqpc/image/upload/v1745068198/vn-11134207-7qukw-lj6uwwfdtszw0d_uz1yp5.jpg')
INSERT [dbo].[san_pham] ([id_san_pham], [id_danh_muc], [ma_san_pham], [ten_san_pham], [mo_ta], [trang_thai], [id_chat_lieu], [id_thuong_hieu], [hinh_anh]) VALUES (13, 1, N'SP013', N'Giày đinh Nike Mercurial Superfly 9 Elite FG', N'Giày cao cấp cho tốc độ', N'Hoạt động', 10, 1, N'https://res.cloudinary.com/dtwsqkqpc/image/upload/v1745068559/FQ8377-800-1_oudn0m.jpg')
INSERT [dbo].[san_pham] ([id_san_pham], [id_danh_muc], [ma_san_pham], [ten_san_pham], [mo_ta], [trang_thai], [id_chat_lieu], [id_thuong_hieu], [hinh_anh]) VALUES (14, 1, N'SP014', N'Giày đinh Adidas Predator Accuracy.1 FG', N'Kiểm soát bóng tối ưu', N'Hoạt động', 10, 2, N'https://res.cloudinary.com/dtwsqkqpc/image/upload/v1745070068/Giay_DJa_Bong_Turf_X_Crazyfast.3_DJen_ID9336_22_model_qeqhm0.jpg')
INSERT [dbo].[san_pham] ([id_san_pham], [id_danh_muc], [ma_san_pham], [ten_san_pham], [mo_ta], [trang_thai], [id_chat_lieu], [id_thuong_hieu], [hinh_anh]) VALUES (15, 1, N'SP015', N'Giày đinh Puma Future Ultimate FG/AG', N'Đa năng cho sân cỏ tự nhiên và nhân tạo', N'Hoạt động', 10, 11, N'https://res.cloudinary.com/dtwsqkqpc/image/upload/v1745069251/20200117_c2MSSFmWwJAbYrPkMt11qNFS_e8rhyr.jpg')
INSERT [dbo].[san_pham] ([id_san_pham], [id_danh_muc], [ma_san_pham], [ten_san_pham], [mo_ta], [trang_thai], [id_chat_lieu], [id_thuong_hieu], [hinh_anh]) VALUES (17, 2, N'SP017', N'Áo ba lỗ bóng rổ Nike Dri-FIT Standard Issue', N'Phong cách cổ điển, chất liệu hiện đại', N'Hoạt động', 1, 1, N'https://res.cloudinary.com/dtwsqkqpc/image/upload/v1745070352/e51__2__d7d9f85220ca4bbe9e8b4499b6565360_grande_vx7iaj.jpg')
INSERT [dbo].[san_pham] ([id_san_pham], [id_danh_muc], [ma_san_pham], [ten_san_pham], [mo_ta], [trang_thai], [id_chat_lieu], [id_thuong_hieu], [hinh_anh]) VALUES (18, 2, N'SP018', N'Áo ba lỗ Adidas Basketball Reversible', N'Áo hai mặt, linh hoạt thay đổi', N'Hoạt động', 4, 2, N'https://res.cloudinary.com/dtwsqkqpc/image/upload/v1745071016/1644fb760005e67308567c55db59a8cd_ul7jwi.webp')
INSERT [dbo].[san_pham] ([id_san_pham], [id_danh_muc], [ma_san_pham], [ten_san_pham], [mo_ta], [trang_thai], [id_chat_lieu], [id_thuong_hieu], [hinh_anh]) VALUES (19, 2, N'SP019', N'Áo ba lỗ Under Armour Baseline Cotton Tank', N'Chất cotton mềm mại, thoải mái', N'Hoạt động', 3, 8, N'https://res.cloudinary.com/dtwsqkqpc/image/upload/v1745073499/1361901-444-1_raqftd.jpg')
INSERT [dbo].[san_pham] ([id_san_pham], [id_danh_muc], [ma_san_pham], [ten_san_pham], [mo_ta], [trang_thai], [id_chat_lieu], [id_thuong_hieu], [hinh_anh]) VALUES (21, 2, N'SP021', N'Quần lửng bóng rổ Nike Dri-FIT DNA', N'Quần dài qua gối, rộng rãi', N'Hoạt động', 1, 1, N'https://res.cloudinary.com/dtwsqkqpc/image/upload/v1745074641/thiet-ke-chua-co-ten-2024-07-31t155021-581-2ee80417e1574e6a9258bb136b26787b-master_xsgjur.png')
INSERT [dbo].[san_pham] ([id_san_pham], [id_danh_muc], [ma_san_pham], [ten_san_pham], [mo_ta], [trang_thai], [id_chat_lieu], [id_thuong_hieu], [hinh_anh]) VALUES (22, 2, N'SP022', N'Quần lửng Adidas Creator 365', N'Thoáng khí, phù hợp tập luyện và thi đấu', N'Hoạt động', 1, 2, N'https://res.cloudinary.com/dtwsqkqpc/image/upload/v1745076083/image-1685005084669_jfqsht.png')
INSERT [dbo].[san_pham] ([id_san_pham], [id_danh_muc], [ma_san_pham], [ten_san_pham], [mo_ta], [trang_thai], [id_chat_lieu], [id_thuong_hieu], [hinh_anh]) VALUES (23, 2, N'SP023', N'Quần lửng Under Armour Curry Underrated', N'Dòng sản phẩm Stephen Curry', N'Hoạt động', 7, 8, N'https://res.cloudinary.com/dtwsqkqpc/image/upload/v1745076292/1380327-002-1_nmwfqq.jpg')
INSERT [dbo].[san_pham] ([id_san_pham], [id_danh_muc], [ma_san_pham], [ten_san_pham], [mo_ta], [trang_thai], [id_chat_lieu], [id_thuong_hieu], [hinh_anh]) VALUES (24, 2, N'SP024', N'Giày bóng rổ Nike LeBron XX', N'Hiệu năng cao, hỗ trợ tối đa', N'Hoạt động', 10, 1, N'https://res.cloudinary.com/dtwsqkqpc/image/upload/v1745076612/giay-bong-ro-nam-nike-precision-6-dd9535-003-mau-den-xam-size-42-5-66a1c8d45f1b5-25072024103900_inebls.webp')
INSERT [dbo].[san_pham] ([id_san_pham], [id_danh_muc], [ma_san_pham], [ten_san_pham], [mo_ta], [trang_thai], [id_chat_lieu], [id_thuong_hieu], [hinh_anh]) VALUES (29, 3, N'SP029', N'Áo polo cầu lông Yonex Teamwear YTP-123', N'Áo polo chuyên dụng, thấm hút tốt', N'Hoạt động', 1, 14, N'https://res.cloudinary.com/dtwsqkqpc/image/upload/v1745085406/cn-11134207-7r98o-lm2q6ot8r9b8c7_rhvubq.jpg')
INSERT [dbo].[san_pham] ([id_san_pham], [id_danh_muc], [ma_san_pham], [ten_san_pham], [mo_ta], [trang_thai], [id_chat_lieu], [id_thuong_hieu], [hinh_anh]) VALUES (30, 3, N'SP030', N'Áo polo Li-Ning AAYR005', N'Thiết kế thời trang, chất liệu thoáng mát', N'Hoạt động', 7, 13, N'https://res.cloudinary.com/dtwsqkqpc/image/upload/v1745085597/dsc0821934840ffab30241e6aaaebd_lg1czm.jpg')
INSERT [dbo].[san_pham] ([id_san_pham], [id_danh_muc], [ma_san_pham], [ten_san_pham], [mo_ta], [trang_thai], [id_chat_lieu], [id_thuong_hieu], [hinh_anh]) VALUES (31, 3, N'SP031', N'Áo polo cầu lông Victor T-3000', N'Công nghệ PerfectDry khô nhanh', N'Hoạt động', 1, 14, N'https://res.cloudinary.com/dtwsqkqpc/image/upload/v1745086084/mau-ao-cau-long-victor-hang-moi-ve-chinh-hang-nhe--6_ikfx3k.webp')
INSERT [dbo].[san_pham] ([id_san_pham], [id_danh_muc], [ma_san_pham], [ten_san_pham], [mo_ta], [trang_thai], [id_chat_lieu], [id_thuong_hieu], [hinh_anh]) VALUES (32, 3, N'SP032', N'Quần thể thao cầu lông Yonex YSP-101', N'Quần short nhẹ, co giãn 4 chiều', N'Hoạt động', 2, 14, N'https://res.cloudinary.com/dtwsqkqpc/image/upload/v1745085744/quan-cau-long-q13-trang_0032cf1bb28d409c8b972ea48b5b5345_master_bvbisa.jpg')
INSERT [dbo].[san_pham] ([id_san_pham], [id_danh_muc], [ma_san_pham], [ten_san_pham], [mo_ta], [trang_thai], [id_chat_lieu], [id_thuong_hieu], [hinh_anh]) VALUES (33, 3, N'SP033', N'Quần thể thao Li-Ning AKSQ011', N'Chất liệu mỏng nhẹ, có túi', N'Hoạt động', 1, 13, N'https://res.cloudinary.com/dtwsqkqpc/image/upload/v1745086619/aklt071-2-c_22d48c7df84d45f7a4f8aa8b0f2df7aa_dncrg0.jpg')
INSERT [dbo].[san_pham] ([id_san_pham], [id_danh_muc], [ma_san_pham], [ten_san_pham], [mo_ta], [trang_thai], [id_chat_lieu], [id_thuong_hieu], [hinh_anh]) VALUES (34, 3, N'SP034', N'Quần short thể thao Fila Tennis/Badminton', N'Thiết kế cổ điển, thoải mái', N'Hoạt động', 8, 3, N'https://res.cloudinary.com/dtwsqkqpc/image/upload/v1745086980/FS2TRG2901M-BLK-1_madvll.jpg')
INSERT [dbo].[san_pham] ([id_san_pham], [id_danh_muc], [ma_san_pham], [ten_san_pham], [mo_ta], [trang_thai], [id_chat_lieu], [id_thuong_hieu], [hinh_anh]) VALUES (39, 4, N'SP039', N'Áo thun thoáng khí Nike Dri-FIT Miler Nam', N'Nhẹ, khô nhanh, phản quang nhẹ', N'Hoạt động', 1, 1, N'https://res.cloudinary.com/dtwsqkqpc/image/upload/v1745087508/DV9316-010-1_p9ll8q.jpg')
INSERT [dbo].[san_pham] ([id_san_pham], [id_danh_muc], [ma_san_pham], [ten_san_pham], [mo_ta], [trang_thai], [id_chat_lieu], [id_thuong_hieu], [hinh_anh]) VALUES (40, 4, N'SP040', N'Áo thun Adidas Own The Run Tee Nam', N'Chất liệu tái chế, thấm hút ẩm tốt', N'Hoạt động', 1, 2, N'https://res.cloudinary.com/dtwsqkqpc/image/upload/v1745087787/upload_f4dc3063913946428eb1815f90776c38_02a05c455e454c41ac54df0b4b805389_mbuxli.jpg')
INSERT [dbo].[san_pham] ([id_san_pham], [id_danh_muc], [ma_san_pham], [ten_san_pham], [mo_ta], [trang_thai], [id_chat_lieu], [id_thuong_hieu], [hinh_anh]) VALUES (41, 4, N'SP041', N'Áo thun chạy bộ Hoka Performance Short Sleeve', N'Siêu nhẹ, thoáng khí tối đa', N'Hoạt động', 6, 5, N'https://res.cloudinary.com/dtwsqkqpc/image/upload/v1745087950/20250324_M9yWznzcSI_edq8p5.jpg')
INSERT [dbo].[san_pham] ([id_san_pham], [id_danh_muc], [ma_san_pham], [ten_san_pham], [mo_ta], [trang_thai], [id_chat_lieu], [id_thuong_hieu], [hinh_anh]) VALUES (42, 4, N'SP042', N'Áo thun Under Armour Streaker Run Tee', N'Co giãn tốt, không gây cọ xát', N'Hoạt động', 7, 8, N'https://res.cloudinary.com/dtwsqkqpc/image/upload/v1745088204/1382582-001-1_otwhbs.jpg')
INSERT [dbo].[san_pham] ([id_san_pham], [id_danh_muc], [ma_san_pham], [ten_san_pham], [mo_ta], [trang_thai], [id_chat_lieu], [id_thuong_hieu], [hinh_anh]) VALUES (43, 4, N'SP043', N'Quần short chạy bộ Nike Dri-FIT Challenger 7"', N'Quần short 7 inch có lớp lót', N'Hoạt động', 1, 1, N'https://res.cloudinary.com/dtwsqkqpc/image/upload/v1745089176/quan-ngan-the-thao-nike-CZ9063-010-4_izagor.png')
INSERT [dbo].[san_pham] ([id_san_pham], [id_danh_muc], [ma_san_pham], [ten_san_pham], [mo_ta], [trang_thai], [id_chat_lieu], [id_thuong_hieu], [hinh_anh]) VALUES (44, 4, N'SP044', N'Quần short Adidas Own The Run 5" Short Nam', N'Thiết kế tối giản, linh hoạt', N'Hoạt động', 1, 2, N'https://res.cloudinary.com/dtwsqkqpc/image/upload/v1745088545/Quan_Short_Own_the_Run_Mau_xanh_da_troi_HB7455_01_laydown_fsawqy.jpg')
INSERT [dbo].[san_pham] ([id_san_pham], [id_danh_muc], [ma_san_pham], [ten_san_pham], [mo_ta], [trang_thai], [id_chat_lieu], [id_thuong_hieu], [hinh_anh]) VALUES (45, 4, N'SP045', N'Quần legging chạy bộ Under Armour Fly Fast 3.0', N'Bó cơ, hỗ trợ vận động', N'Hoạt động', 7, 8, N'https://res.cloudinary.com/dtwsqkqpc/image/upload/v1745088751/1376820-001-1_tpe2ks.jpg')
INSERT [dbo].[san_pham] ([id_san_pham], [id_danh_muc], [ma_san_pham], [ten_san_pham], [mo_ta], [trang_thai], [id_chat_lieu], [id_thuong_hieu], [hinh_anh]) VALUES (46, 4, N'SP046', N'Quần short 2 lớp Asics Road', N'Lớp trong bó, lớp ngoài rộng rãi', N'Hoạt động', 1, 12, N'https://res.cloudinary.com/dtwsqkqpc/image/upload/v1745089588/2011D246_001_GM_FT_GLB-1_gi3zuy.jpg')
INSERT [dbo].[san_pham] ([id_san_pham], [id_danh_muc], [ma_san_pham], [ten_san_pham], [mo_ta], [trang_thai], [id_chat_lieu], [id_thuong_hieu], [hinh_anh]) VALUES (62, 6, N'SP062', N'Áo đạp xe dài tay Castelli Entrata VI', N'Chất liệu ProSecco thoáng khí, 3 túi sau', N'Hoạt động', 1, 1, N'https://res.cloudinary.com/dtwsqkqpc/image/upload/v1745089789/p1610082688_aomarinaioredwhit_C3_A923_ur70pf.jpg')
INSERT [dbo].[san_pham] ([id_san_pham], [id_danh_muc], [ma_san_pham], [ten_san_pham], [mo_ta], [trang_thai], [id_chat_lieu], [id_thuong_hieu], [hinh_anh]) VALUES (63, 6, N'SP063', N'Quần yếm đạp xe Rapha Core Bib Shorts', N'Đệm ngồi êm ái cho đường dài', N'Hoạt động', 5, 2, N'https://res.cloudinary.com/dtwsqkqpc/image/upload/v1745090044/wab02xx_womens-core-bib-shorts_h123_model_1_grande_ar8yrh.jpg')
INSERT [dbo].[san_pham] ([id_san_pham], [id_danh_muc], [ma_san_pham], [ten_san_pham], [mo_ta], [trang_thai], [id_chat_lieu], [id_thuong_hieu], [hinh_anh]) VALUES (70, 8, N'SP070', N'Quần legging yoga Lululemon Align™ High-Rise', N'Chất liệu Nulu™ siêu mềm mịn, co giãn tốt', N'Hoạt động', 7, 1, N'https://res.cloudinary.com/dtwsqkqpc/image/upload/v1745090363/CZ9241-010-1_ocvbc2.jpg')
INSERT [dbo].[san_pham] ([id_san_pham], [id_danh_muc], [ma_san_pham], [ten_san_pham], [mo_ta], [trang_thai], [id_chat_lieu], [id_thuong_hieu], [hinh_anh]) VALUES (74, 9, N'SP074', N'Áo thun nam Nike Sportswear Club Tee', N'Chất cotton mềm mại, logo thêu', N'Hoạt động', 3, 1, N'https://res.cloudinary.com/dtwsqkqpc/image/upload/v1745090627/AR4999-013-1_bq75fg.jpg')
INSERT [dbo].[san_pham] ([id_san_pham], [id_danh_muc], [ma_san_pham], [ten_san_pham], [mo_ta], [trang_thai], [id_chat_lieu], [id_thuong_hieu], [hinh_anh]) VALUES (75, 9, N'SP075', N'Áo thun nam Adidas Essentials Single Jersey', N'Kiểu dáng basic, dễ phối đồ', N'Hoạt động', 8, 2, N'https://res.cloudinary.com/dtwsqkqpc/image/upload/v1745090891/9Qh20l9EgkEPE1WtPjdxTyRDRivrQskO5cJOhm21_mtfc8m.jpg')
INSERT [dbo].[san_pham] ([id_san_pham], [id_danh_muc], [ma_san_pham], [ten_san_pham], [mo_ta], [trang_thai], [id_chat_lieu], [id_thuong_hieu], [hinh_anh]) VALUES (76, 9, N'SP076', N'Áo thun nam Under Armour Tech 2.0 Short Sleeve', N'Chất UA Tech™ nhanh khô', N'Hoạt động', 1, 8, N'https://res.cloudinary.com/dtwsqkqpc/image/upload/v1745091576/1366479-001-1_vchtkm.jpg')
INSERT [dbo].[san_pham] ([id_san_pham], [id_danh_muc], [ma_san_pham], [ten_san_pham], [mo_ta], [trang_thai], [id_chat_lieu], [id_thuong_hieu], [hinh_anh]) VALUES (77, 9, N'SP077', N'Áo polo nam Nike Dri-FIT Victory Solid', N'Polo thể thao, thấm hút mồ hôi', N'Hoạt động', 1, 1, N'https://res.cloudinary.com/dtwsqkqpc/image/upload/v1745091912/as-m-nk-df-vctry-solid-polo_swxdfj.jpg')
INSERT [dbo].[san_pham] ([id_san_pham], [id_danh_muc], [ma_san_pham], [ten_san_pham], [mo_ta], [trang_thai], [id_chat_lieu], [id_thuong_hieu], [hinh_anh]) VALUES (78, 9, N'SP078', N'Áo polo nam Adidas Core 18 Polo', N'Thiết kế cổ điển, chất liệu Climalite', N'Hoạt động', 1, 2, N'https://res.cloudinary.com/dtwsqkqpc/image/upload/v1745092091/ao-polo-nam-adidas-3-soc-tennis-club-h34698-mau-do-62cbccc89d953-11072022141000_fgl9xd.webp')
INSERT [dbo].[san_pham] ([id_san_pham], [id_danh_muc], [ma_san_pham], [ten_san_pham], [mo_ta], [trang_thai], [id_chat_lieu], [id_thuong_hieu], [hinh_anh]) VALUES (79, 9, N'SP079', N'Áo polo nam Fila Performance', N'Phong cách Fila đặc trưng', N'Hoạt động', 8, 3, N'https://res.cloudinary.com/dtwsqkqpc/image/upload/v1745092197/whi_fs2tsg2321x_1_82fa55d8b65e4ffcb71b8664f1427290_fmmykc.jpg')
INSERT [dbo].[san_pham] ([id_san_pham], [id_danh_muc], [ma_san_pham], [ten_san_pham], [mo_ta], [trang_thai], [id_chat_lieu], [id_thuong_hieu], [hinh_anh]) VALUES (80, 9, N'SP080', N'Áo ba lỗ nam Nike Dri-FIT Legend Tank', N'Nhẹ, thoáng mát cho tập luyện', N'Hoạt động', 1, 1, N'https://res.cloudinary.com/dtwsqkqpc/image/upload/v1745092519/Ao-Nike-Dri-FIT-Legend-Mens-Training-Tank-FD0149-010-2-1_buzbz3.jpg')
INSERT [dbo].[san_pham] ([id_san_pham], [id_danh_muc], [ma_san_pham], [ten_san_pham], [mo_ta], [trang_thai], [id_chat_lieu], [id_thuong_hieu], [hinh_anh]) VALUES (81, 9, N'SP081', N'Áo ba lỗ nam Adidas Train Essentials Logo Tank', N'Logo lớn, phong cách thể thao', N'Hoạt động', 3, 2, N'https://res.cloudinary.com/dtwsqkqpc/image/upload/v1745092690/IS3819-1_sfmlq1.jpg')
INSERT [dbo].[san_pham] ([id_san_pham], [id_danh_muc], [ma_san_pham], [ten_san_pham], [mo_ta], [trang_thai], [id_chat_lieu], [id_thuong_hieu], [hinh_anh]) VALUES (82, 9, N'SP082', N'Áo dài tay nam Under Armour HeatGear® Armour', N'Giữ nhiệt nhẹ, bó cơ', N'Hoạt động', 7, 8, N'https://res.cloudinary.com/dtwsqkqpc/image/upload/v1745092839/1361506-100-1_rx3scs.jpg')
INSERT [dbo].[san_pham] ([id_san_pham], [id_danh_muc], [ma_san_pham], [ten_san_pham], [mo_ta], [trang_thai], [id_chat_lieu], [id_thuong_hieu], [hinh_anh]) VALUES (83, 9, N'SP083', N'Áo dài tay nam Nike Pro Dri-FIT', N'Chất liệu co giãn, hỗ trợ vận động', N'Hoạt động', 7, 1, N'https://res.cloudinary.com/dtwsqkqpc/image/upload/v1745094099/%E1%BA%A3nh_gcuwg2.webp')
INSERT [dbo].[san_pham] ([id_san_pham], [id_danh_muc], [ma_san_pham], [ten_san_pham], [mo_ta], [trang_thai], [id_chat_lieu], [id_thuong_hieu], [hinh_anh]) VALUES (84, 9, N'SP084', N'Áo hoodie thể thao nam Nike Therma-FIT Pullover', N'Giữ ấm tốt, có mũ trùm', N'Hoạt động', 1, 1, N'https://res.cloudinary.com/dtwsqkqpc/image/upload/v1745096071/task-21400645-1-1_3ed5cd6d9f7949_f94ca6824b714c7b9243a5b33cb91545_master_yzwium.jpg')
INSERT [dbo].[san_pham] ([id_san_pham], [id_danh_muc], [ma_san_pham], [ten_san_pham], [mo_ta], [trang_thai], [id_chat_lieu], [id_thuong_hieu], [hinh_anh]) VALUES (85, 9, N'SP085', N'Áo hoodie thể thao nam Adidas Essentials Fleece', N'Chất nỉ ấm áp, thoải mái', N'Hoạt động', 8, 2, N'https://res.cloudinary.com/dtwsqkqpc/image/upload/v1745096360/essentials-fleece-3-stripes-full-zip-hoodie-grey-ij6479-21-model_c2cppq.jpg')
INSERT [dbo].[san_pham] ([id_san_pham], [id_danh_muc], [ma_san_pham], [ten_san_pham], [mo_ta], [trang_thai], [id_chat_lieu], [id_thuong_hieu], [hinh_anh]) VALUES (86, 9, N'SP086', N'Áo hoodie thể thao Puma Essentials Big Logo', N'Logo Puma lớn nổi bật', N'Hoạt động', 8, 11, N'https://res.cloudinary.com/dtwsqkqpc/image/upload/v1745096510/vn-11134201-7ras8-m58qm1e1kuuu6f_mqwsft.jpg')
INSERT [dbo].[san_pham] ([id_san_pham], [id_danh_muc], [ma_san_pham], [ten_san_pham], [mo_ta], [trang_thai], [id_chat_lieu], [id_thuong_hieu], [hinh_anh]) VALUES (87, 10, N'SP087', N'Quần short nam Nike Dri-FIT Totality Knit 9"', N'Quần short dệt kim, đa năng', N'Hoạt động', 1, 1, N'https://res.cloudinary.com/dtwsqkqpc/image/upload/v1745096978/DV9329-493-1_z9g3k0.jpg')
INSERT [dbo].[san_pham] ([id_san_pham], [id_danh_muc], [ma_san_pham], [ten_san_pham], [mo_ta], [trang_thai], [id_chat_lieu], [id_thuong_hieu], [hinh_anh]) VALUES (88, 10, N'SP088', N'Quần short nam Adidas Train Essentials Pique 7"', N'Chất liệu pique, có túi', N'Hoạt động', 1, 2, N'https://res.cloudinary.com/dtwsqkqpc/image/upload/v1745097188/IB8112-1_chpwvx.jpg')
INSERT [dbo].[san_pham] ([id_san_pham], [id_danh_muc], [ma_san_pham], [ten_san_pham], [mo_ta], [trang_thai], [id_chat_lieu], [id_thuong_hieu], [hinh_anh]) VALUES (89, 10, N'SP089', N'Quần short nam Under Armour Vanish Woven', N'Siêu nhẹ, co giãn 4 chiều', N'Hoạt động', 1, 8, N'https://res.cloudinary.com/dtwsqkqpc/image/upload/v1745097494/1383353-044-1_bht1yc.jpg')
INSERT [dbo].[san_pham] ([id_san_pham], [id_danh_muc], [ma_san_pham], [ten_san_pham], [mo_ta], [trang_thai], [id_chat_lieu], [id_thuong_hieu], [hinh_anh]) VALUES (90, 10, N'SP090', N'Quần jogger nam Nike Sportswear Tech Fleece', N'Chất Tech Fleece đặc trưng, ấm áp', N'Hoạt động', 8, 1, N'https://res.cloudinary.com/dtwsqkqpc/image/upload/v1745097725/quan-nike-sportswear-tech-fleece-older-trousers-cu9213-063.jpg_wsju3t.webp')
INSERT [dbo].[san_pham] ([id_san_pham], [id_danh_muc], [ma_san_pham], [ten_san_pham], [mo_ta], [trang_thai], [id_chat_lieu], [id_thuong_hieu], [hinh_anh]) VALUES (92, 10, N'SP092', N'Quần jogger nam Puma Essentials Logo Fleece', N'Chất nỉ mềm, logo Puma', N'Hoạt động', 8, 11, N'https://res.cloudinary.com/dtwsqkqpc/image/upload/v1745153110/51KZP7lU0HL._AC_SX569__dqpppx.jpg')
INSERT [dbo].[san_pham] ([id_san_pham], [id_danh_muc], [ma_san_pham], [ten_san_pham], [mo_ta], [trang_thai], [id_chat_lieu], [id_thuong_hieu], [hinh_anh]) VALUES (93, 10, N'SP093', N'Quần legging nam Nike Pro Dri-FIT Tight', N'Quần bó cơ, hỗ trợ tập luyện', N'Hoạt động', 7, 1, N'https://res.cloudinary.com/dtwsqkqpc/image/upload/v1745221685/Quan-Nike-Pro-Dri-FIT-Mens-Mid-Length-Training-Tights-FB7951-100_ipnbck.jpg')
INSERT [dbo].[san_pham] ([id_san_pham], [id_danh_muc], [ma_san_pham], [ten_san_pham], [mo_ta], [trang_thai], [id_chat_lieu], [id_thuong_hieu], [hinh_anh]) VALUES (94, 10, N'SP094', N'Quần legging (compression) Under Armour HeatGear®', N'Tăng cường lưu thông máu, giảm mỏi cơ', N'Hoạt động', 7, 8, N'https://res.cloudinary.com/dtwsqkqpc/image/upload/v1745221935/1361588-410-1_xwr5vk.jpg')
INSERT [dbo].[san_pham] ([id_san_pham], [id_danh_muc], [ma_san_pham], [ten_san_pham], [mo_ta], [trang_thai], [id_chat_lieu], [id_thuong_hieu], [hinh_anh]) VALUES (95, 10, N'SP095', N'Quần legging 3/4 Adidas Techfit', N'Quần bó lửng, chất liệu AEROREADY', N'Hoạt động', 7, 2, N'https://res.cloudinary.com/dtwsqkqpc/image/upload/v1745222114/Quan_Bo_Dang_Dai_Techfit_DJen_GR8040_01_laydown_nd0rpw.jpg')
INSERT [dbo].[san_pham] ([id_san_pham], [id_danh_muc], [ma_san_pham], [ten_san_pham], [mo_ta], [trang_thai], [id_chat_lieu], [id_thuong_hieu], [hinh_anh]) VALUES (96, 11, N'SP096', N'Tank top tập gym Nike Dri-FIT Rise 365', N'Siêu nhẹ, thoáng khí tối đa', N'Hoạt động', 4, 1, N'https://res.cloudinary.com/dtwsqkqpc/image/upload/v1745222255/cz9180-481_955eb74fd93b41df9232436f6c642d3c_frpc3y.jpg')
INSERT [dbo].[san_pham] ([id_san_pham], [id_danh_muc], [ma_san_pham], [ten_san_pham], [mo_ta], [trang_thai], [id_chat_lieu], [id_thuong_hieu], [hinh_anh]) VALUES (97, 11, N'SP097', N'Tank top Adidas Designed 4 Training HEAT.RDY', N'Công nghệ làm mát HEAT.RDY', N'Hoạt động', 1, 2, N'https://res.cloudinary.com/dtwsqkqpc/image/upload/v1745222359/Ao_Tank_Top_Tennis_Pro_HEAT.RDY_Mau_xanh_da_troi_IW6422_21_model_ktr539.jpg')
INSERT [dbo].[san_pham] ([id_san_pham], [id_danh_muc], [ma_san_pham], [ten_san_pham], [mo_ta], [trang_thai], [id_chat_lieu], [id_thuong_hieu], [hinh_anh]) VALUES (98, 11, N'SP098', N'Tank top Under Armour Project Rock Bull Tank', N'Dòng sản phẩm The Rock, mạnh mẽ', N'Hoạt động', 8, 8, N'https://res.cloudinary.com/dtwsqkqpc/image/upload/v1745223699/1366000-014.2_b1b3596ab9124c87aee21d9c84f11227_master_fmx5zf.jpg')
INSERT [dbo].[san_pham] ([id_san_pham], [id_danh_muc], [ma_san_pham], [ten_san_pham], [mo_ta], [trang_thai], [id_chat_lieu], [id_thuong_hieu], [hinh_anh]) VALUES (99, 11, N'SP099', N'Quần gym short Nike Flex Vent Max', N'Co giãn tốt, phù hợp nhiều bài tập', N'Hoạt động', 1, 1, N'https://res.cloudinary.com/dtwsqkqpc/image/upload/v1745223835/vn-11134207-7qukw-lk3qqjzg5e44aa_ycg97u.jpg')
INSERT [dbo].[san_pham] ([id_san_pham], [id_danh_muc], [ma_san_pham], [ten_san_pham], [mo_ta], [trang_thai], [id_chat_lieu], [id_thuong_hieu], [hinh_anh]) VALUES (100, 11, N'SP100', N'Quần gym short Adidas Aeroready Woven', N'Nhẹ, thấm hút ẩm, thoải mái', N'Hoạt động', 1, 2, N'https://res.cloudinary.com/dtwsqkqpc/image/upload/v1745225128/Quan_Short_The_Thao_Det_Thoi_AEROREADY_Designed_2_Move_DJen_GT8161_01_laydown_zpsd7l.jpg')
INSERT [dbo].[san_pham] ([id_san_pham], [id_danh_muc], [ma_san_pham], [ten_san_pham], [mo_ta], [trang_thai], [id_chat_lieu], [id_thuong_hieu], [hinh_anh]) VALUES (101, 11, N'SP101', N'Quần gym short Under Armour Launch Stretch Woven', N'Co giãn 4 chiều, có túi an toàn', N'Hoạt động', 1, 8, N'https://res.cloudinary.com/dtwsqkqpc/image/upload/v1745225330/1351667-014-1_bq82ss.jpg')
INSERT [dbo].[san_pham] ([id_san_pham], [id_danh_muc], [ma_san_pham], [ten_san_pham], [mo_ta], [trang_thai], [id_chat_lieu], [id_thuong_hieu], [hinh_anh]) VALUES (102, 11, N'SP102', N'Quần bó cơ (compression) Nike Pro Short', N'Quần short bó cơ, lớp lót hoàn hảo', N'Hoạt động', 7, 1, N'https://res.cloudinary.com/dtwsqkqpc/image/upload/v1745225568/c4bf46a82835_cngpsc.webp')
INSERT [dbo].[san_pham] ([id_san_pham], [id_danh_muc], [ma_san_pham], [ten_san_pham], [mo_ta], [trang_thai], [id_chat_lieu], [id_thuong_hieu], [hinh_anh]) VALUES (103, 11, N'SP103', N'Quần bó cơ (compression) Adidas Techfit Short Tight', N'Hỗ trợ cơ bắp, giảm rung động', N'Hoạt động', 7, 2, N'https://res.cloudinary.com/dtwsqkqpc/image/upload/v1745226023/HJ9921-1_vt8b3p.jpg')
INSERT [dbo].[san_pham] ([id_san_pham], [id_danh_muc], [ma_san_pham], [ten_san_pham], [mo_ta], [trang_thai], [id_chat_lieu], [id_thuong_hieu], [hinh_anh]) VALUES (104, 11, N'SP104', N'Quần bó cơ (compression) dài tay Under Armour Iso-Chill', N'Công nghệ làm mát Iso-Chill', N'Hoạt động', 7, 8, N'https://res.cloudinary.com/dtwsqkqpc/image/upload/v1745226365/1365226-001-1_exw1r3.jpg')
INSERT [dbo].[san_pham] ([id_san_pham], [id_danh_muc], [ma_san_pham], [ten_san_pham], [mo_ta], [trang_thai], [id_chat_lieu], [id_thuong_hieu], [hinh_anh]) VALUES (105, 12, N'SP105', N'Áo đấu bóng đá Nike Vapor Match Home Liverpool 23/24', N'Phiên bản cầu thủ, công nghệ cao', N'Hoạt động', 1, 1, N'https://res.cloudinary.com/dtwsqkqpc/image/upload/v1745226277/FN8798-688-1_js0wum.jpg')
INSERT [dbo].[san_pham] ([id_san_pham], [id_danh_muc], [ma_san_pham], [ten_san_pham], [mo_ta], [trang_thai], [id_chat_lieu], [id_thuong_hieu], [hinh_anh]) VALUES (106, 12, N'SP106', N'Áo đấu bóng đá Adidas Authentic Home Arsenal 23/24', N'Phiên bản cầu thủ, nhẹ và mát', N'Hoạt động', 7, 2, N'https://res.cloudinary.com/dtwsqkqpc/image/upload/v1745226617/Arsenal_23-24_Home_Authentic_Jersey_Red_HR6931_HM30-768x684_kzdodc.png')
INSERT [dbo].[san_pham] ([id_san_pham], [id_danh_muc], [ma_san_pham], [ten_san_pham], [mo_ta], [trang_thai], [id_chat_lieu], [id_thuong_hieu], [hinh_anh]) VALUES (107, 12, N'SP107', N'Áo đấu bóng rổ Nike NBA Swingman Jersey Lakers - LeBron James', N'Áo đấu NBA chính hãng', N'Hoạt động', 1, 1, N'https://res.cloudinary.com/dtwsqkqpc/image/upload/v1745227479/jordan-nba-lal-statement-edition-jersey-_23_lebron-james-do9530-508-front_zumtkk.png')
INSERT [dbo].[san_pham] ([id_san_pham], [id_danh_muc], [ma_san_pham], [ten_san_pham], [mo_ta], [trang_thai], [id_chat_lieu], [id_thuong_hieu], [hinh_anh]) VALUES (108, 12, N'SP108', N'Áo đấu bóng rổ Adidas James Harden Creator Tee', N'Áo phông phong cách bóng rổ', N'Không hoạt động', 3, 2, N'https://res.cloudinary.com/dtwsqkqpc/image/upload/v1745227884/sg-11134201-7rblm-lnktoowkk9mwe8_hwbj7b.jpg')
INSERT [dbo].[san_pham] ([id_san_pham], [id_danh_muc], [ma_san_pham], [ten_san_pham], [mo_ta], [trang_thai], [id_chat_lieu], [id_thuong_hieu], [hinh_anh]) VALUES (109, 12, N'SP109', N'Áo đấu cầu lông Yonex Japan Team Replica', N'Bản sao áo đấu đội tuyển Nhật Bản', N'Hoạt động', 1, 14, N'https://res.cloudinary.com/dtwsqkqpc/image/upload/v1745228562/vn-11134207-7r98o-lzcrtrylide5dc_cqh3rd.jpg')
INSERT [dbo].[san_pham] ([id_san_pham], [id_danh_muc], [ma_san_pham], [ten_san_pham], [mo_ta], [trang_thai], [id_chat_lieu], [id_thuong_hieu], [hinh_anh]) VALUES (110, 12, N'SP110', N'Áo đấu cầu lông Li-Ning National Team Series', N'Dòng áo đấu đội tuyển Trung Quốc', N'Hoạt động', 1, 13, N'https://res.cloudinary.com/dtwsqkqpc/image/upload/v1745259717/z4260604917303_0cb32ed7eee8ec83e200d5796c1ca3ca_cd85d7dbb61248beb87f4ab58af410a1_r2uob9.jpg')
INSERT [dbo].[san_pham] ([id_san_pham], [id_danh_muc], [ma_san_pham], [ten_san_pham], [mo_ta], [trang_thai], [id_chat_lieu], [id_thuong_hieu], [hinh_anh]) VALUES (111, 12, N'SP111', N'Áo đấu tennis NikeCourt Dri-FIT ADV Rafa Crew', N'Áo thi đấu của Rafael Nadal', N'Hoạt động', 1, 1, N'https://res.cloudinary.com/dtwsqkqpc/image/upload/v1745266917/dd8541-836-5847_vdt011.jpg')
INSERT [dbo].[san_pham] ([id_san_pham], [id_danh_muc], [ma_san_pham], [ten_san_pham], [mo_ta], [trang_thai], [id_chat_lieu], [id_thuong_hieu], [hinh_anh]) VALUES (112, 12, N'SP112', N'Áo đấu tennis Adidas Freelift HEAT.RDY Polo', N'Thiết kế hỗ trợ chuyển động vai', N'Hoạt động', 1, 2, N'https://res.cloudinary.com/dtwsqkqpc/image/upload/v1745267094/Ao_Polo_Tennis_Pro_HEAT.RDY_FreeLift_Mau_xanh_da_troi_IT2262_21_model_tjp8w9.jpg')
INSERT [dbo].[san_pham] ([id_san_pham], [id_danh_muc], [ma_san_pham], [ten_san_pham], [mo_ta], [trang_thai], [id_chat_lieu], [id_thuong_hieu], [hinh_anh]) VALUES (113, 13, N'SP113', N'Áo thun nữ Nike Dri-FIT One Luxe Standard Fit', N'Mềm mại, đa năng cho mọi hoạt động', N'Hoạt động', 7, 1, N'https://res.cloudinary.com/dtwsqkqpc/image/upload/v1745269533/FN2799-512-1_zpbiyt.jpg')
INSERT [dbo].[san_pham] ([id_san_pham], [id_danh_muc], [ma_san_pham], [ten_san_pham], [mo_ta], [trang_thai], [id_chat_lieu], [id_thuong_hieu], [hinh_anh]) VALUES (114, 13, N'SP114', N'Áo thun nữ Adidas AEROREADY Designed 2 Move', N'Thấm hút ẩm, thoải mái vận động', N'Hoạt động', 1, 2, N'https://res.cloudinary.com/dtwsqkqpc/image/upload/v1745270040/Ao_Thun_Minimal_Made_for_Training_AEROREADY_DJen_HM4490_01_laydown_iwxekc.jpg')
INSERT [dbo].[san_pham] ([id_san_pham], [id_danh_muc], [ma_san_pham], [ten_san_pham], [mo_ta], [trang_thai], [id_chat_lieu], [id_thuong_hieu], [hinh_anh]) VALUES (115, 13, N'SP115', N'Áo thun nữ Under Armour Tech™ Twist V-Neck', N'Cổ chữ V, chất UA Tech™ nhẹ', N'Hoạt động', 1, 8, N'https://res.cloudinary.com/dtwsqkqpc/image/upload/v1745270604/1328964-663-1_yhokky.jpg')
INSERT [dbo].[san_pham] ([id_san_pham], [id_danh_muc], [ma_san_pham], [ten_san_pham], [mo_ta], [trang_thai], [id_chat_lieu], [id_thuong_hieu], [hinh_anh]) VALUES (116, 13, N'SP116', N'Áo croptop nữ Nike Sportswear Essential Ribbed', N'Kiểu dáng croptop thời trang, vải gân', N'Hoạt động', 8, 1, N'https://res.cloudinary.com/dtwsqkqpc/image/upload/v1745270756/nike-w-nsw-essntl-rib-crp-tank_pqabch.jpg')
INSERT [dbo].[san_pham] ([id_san_pham], [id_danh_muc], [ma_san_pham], [ten_san_pham], [mo_ta], [trang_thai], [id_chat_lieu], [id_thuong_hieu], [hinh_anh]) VALUES (117, 13, N'SP117', N'Áo croptop nữ Adidas Originals Adicolor Classics', N'Phong cách retro, logo 3 lá', N'Hoạt động', 3, 2, N'https://res.cloudinary.com/dtwsqkqpc/image/upload/v1745271136/ao-croptop-nu-adidas-originals-tee-ic2378-mau-tim-size-l-66bdc5b045700-15082024160904_a2fthm.webp')
INSERT [dbo].[san_pham] ([id_san_pham], [id_danh_muc], [ma_san_pham], [ten_san_pham], [mo_ta], [trang_thai], [id_chat_lieu], [id_thuong_hieu], [hinh_anh]) VALUES (118, 13, N'SP118', N'Áo tank top nữ Nike Yoga Dri-FIT Luxe', N'Mềm mại, co giãn tốt cho yoga', N'Hoạt động', 7, 1, N'https://res.cloudinary.com/dtwsqkqpc/image/upload/v1745271709/be38342c_f0f7_42ce_bbef_37809998b053_ikxnpb.jpg')
INSERT [dbo].[san_pham] ([id_san_pham], [id_danh_muc], [ma_san_pham], [ten_san_pham], [mo_ta], [trang_thai], [id_chat_lieu], [id_thuong_hieu], [hinh_anh]) VALUES (119, 13, N'SP119', N'Áo tank top nữ Under Armour Knockout Mesh Back', N'Lưng lưới thoáng khí, dáng rộng', N'Hoạt động', 7, 8, N'https://res.cloudinary.com/dtwsqkqpc/image/upload/v1745271810/1360831-011-1_vkkerp.jpg')
INSERT [dbo].[san_pham] ([id_san_pham], [id_danh_muc], [ma_san_pham], [ten_san_pham], [mo_ta], [trang_thai], [id_chat_lieu], [id_thuong_hieu], [hinh_anh]) VALUES (120, 13, N'SP120', N'Áo hoodie thể thao nữ Nike Phoenix Fleece Oversized', N'Dáng rộng, chất nỉ ấm áp', N'Hoạt động', 8, 1, N'https://res.cloudinary.com/dtwsqkqpc/image/upload/v1745271981/30c91edf-b2ca-47d3-9b07-85437eac65ba_size2010x2010_cropCenter_mr198s.jpg')
INSERT [dbo].[san_pham] ([id_san_pham], [id_danh_muc], [ma_san_pham], [ten_san_pham], [mo_ta], [trang_thai], [id_chat_lieu], [id_thuong_hieu], [hinh_anh]) VALUES (121, 13, N'SP121', N'Áo hoodie thể thao nữ Adidas Essentials Linear Full-Zip', N'Có khóa kéo, tiện lợi', N'Hoạt động', 8, 2, N'https://res.cloudinary.com/dtwsqkqpc/image/upload/v1745272150/essentials-fleece-3-stripes-full-zip-hoodie-grey-ij6479-01-laydown-1_jvukew.jpg')
INSERT [dbo].[san_pham] ([id_san_pham], [id_danh_muc], [ma_san_pham], [ten_san_pham], [mo_ta], [trang_thai], [id_chat_lieu], [id_thuong_hieu], [hinh_anh]) VALUES (122, 13, N'SP122', N'Áo hoodie thể thao Puma HER Hoodie TR', N'Thiết kế nữ tính, thoải mái', N'Hoạt động', 8, 11, N'https://res.cloudinary.com/dtwsqkqpc/image/upload/v1745272589/83_677882_1_a1b93f26690b47ca90633abc78a15c9f_qjfmds.jpg')
INSERT [dbo].[san_pham] ([id_san_pham], [id_danh_muc], [ma_san_pham], [ten_san_pham], [mo_ta], [trang_thai], [id_chat_lieu], [id_thuong_hieu], [hinh_anh]) VALUES (123, 14, N'SP123', N'Quần short nữ Nike Tempo Dri-FIT', N'Quần chạy bộ kinh điển, có lớp lót', N'Hoạt động', 1, 1, N'https://res.cloudinary.com/dtwsqkqpc/image/upload/v1745273298/DD5936-478-1_wmknkh.jpg')
INSERT [dbo].[san_pham] ([id_san_pham], [id_danh_muc], [ma_san_pham], [ten_san_pham], [mo_ta], [trang_thai], [id_chat_lieu], [id_thuong_hieu], [hinh_anh]) VALUES (124, 14, N'SP124', N'Quần short nữ Adidas Marathon 20', N'Nhẹ, phản quang, phù hợp chạy bộ', N'Hoạt động', 1, 2, N'https://res.cloudinary.com/dtwsqkqpc/image/upload/v1745310659/IN1586-1_i2vvpi.jpg')
INSERT [dbo].[san_pham] ([id_san_pham], [id_danh_muc], [ma_san_pham], [ten_san_pham], [mo_ta], [trang_thai], [id_chat_lieu], [id_thuong_hieu], [hinh_anh]) VALUES (125, 14, N'SP125', N'Quần short nữ Under Armour Play Up 3.0', N'Thoải mái, nhiều màu sắc', N'Hoạt động', 1, 8, N'https://res.cloudinary.com/dtwsqkqpc/image/upload/v1745311072/1344552-639-1_rw4l2i.jpg')
INSERT [dbo].[san_pham] ([id_san_pham], [id_danh_muc], [ma_san_pham], [ten_san_pham], [mo_ta], [trang_thai], [id_chat_lieu], [id_thuong_hieu], [hinh_anh]) VALUES (126, 14, N'SP126', N'Quần legging nữ Nike Go Firm-Support High-Waisted', N'Hỗ trợ tốt, cạp cao, có túi', N'Hoạt động', 7, 1, N'https://res.cloudinary.com/dtwsqkqpc/image/upload/v1745311501/FV7383-478-1_bpw4l6.jpg')
INSERT [dbo].[san_pham] ([id_san_pham], [id_danh_muc], [ma_san_pham], [ten_san_pham], [mo_ta], [trang_thai], [id_chat_lieu], [id_thuong_hieu], [hinh_anh]) VALUES (127, 14, N'SP127', N'Quần legging nữ Adidas Optime Training 7/8', N'Co giãn 4 chiều, dài 7/8', N'Hoạt động', 7, 2, N'https://res.cloudinary.com/dtwsqkqpc/image/upload/v1745311895/Quan_Legging_7-8_Cap_Cao_Training_Essentials_DJen_HC8934_01_laydown_pfxs6r.jpg')
INSERT [dbo].[san_pham] ([id_san_pham], [id_danh_muc], [ma_san_pham], [ten_san_pham], [mo_ta], [trang_thai], [id_chat_lieu], [id_thuong_hieu], [hinh_anh]) VALUES (128, 14, N'SP128', N'Quần legging nữ Under Armour HeatGear® No-Slip Waistband', N'Cạp chống trượt, chất liệu HeatGear', N'Hoạt động', 7, 8, N'https://res.cloudinary.com/dtwsqkqpc/image/upload/v1745312070/1365336-001-1_wlcpve.jpg')
INSERT [dbo].[san_pham] ([id_san_pham], [id_danh_muc], [ma_san_pham], [ten_san_pham], [mo_ta], [trang_thai], [id_chat_lieu], [id_thuong_hieu], [hinh_anh]) VALUES (129, 14, N'SP129', N'Quần jogger nữ Nike Sportswear Phoenix Fleece High-Waisted', N'Cạp cao, ống rộng vừa phải', N'Hoạt động', 8, 1, N'https://res.cloudinary.com/dtwsqkqpc/image/upload/v1745312203/vngoods_32_455942_3x4_uhdjld.jpg')
INSERT [dbo].[san_pham] ([id_san_pham], [id_danh_muc], [ma_san_pham], [ten_san_pham], [mo_ta], [trang_thai], [id_chat_lieu], [id_thuong_hieu], [hinh_anh]) VALUES (130, 14, N'SP130', N'Quần jogger nữ Adidas Essentials French Terry', N'Chất French Terry mềm mại', N'Hoạt động', 8, 2, N'https://res.cloudinary.com/dtwsqkqpc/image/upload/v1745312382/sg-11134201-7reo6-m8djet37hfhed7_vbi8xh.webp')
INSERT [dbo].[san_pham] ([id_san_pham], [id_danh_muc], [ma_san_pham], [ten_san_pham], [mo_ta], [trang_thai], [id_chat_lieu], [id_thuong_hieu], [hinh_anh]) VALUES (131, 14, N'SP131', N'Quần jogger nữ Puma Essentials Sweatpants', N'Kiểu dáng cơ bản, thoải mái', N'Hoạt động', 8, 11, N'https://res.cloudinary.com/dtwsqkqpc/image/upload/v1745312516/01_535685_1_177dd53db3134deda6b5d5a77bb8a0c7_e3xoz8.jpg')
INSERT [dbo].[san_pham] ([id_san_pham], [id_danh_muc], [ma_san_pham], [ten_san_pham], [mo_ta], [trang_thai], [id_chat_lieu], [id_thuong_hieu], [hinh_anh]) VALUES (135, 15, N'SP135', N'Quần legging yoga Nike Zenvy Gentle-Support High-Waisted', N'Siêu mềm, hỗ trợ nhẹ nhàng', N'Hoạt động', 7, 1, N'https://res.cloudinary.com/dtwsqkqpc/image/upload/v1745312597/Quan-Nike-Zenvy-Womens-Gentle-Support-High-Waisted-Full-Length-Leggings-DQ6014-208.jpg_t1ctx6.webp')
INSERT [dbo].[san_pham] ([id_san_pham], [id_danh_muc], [ma_san_pham], [ten_san_pham], [mo_ta], [trang_thai], [id_chat_lieu], [id_thuong_hieu], [hinh_anh]) VALUES (136, 15, N'SP136', N'Quần legging yoga Adidas Yoga Studio Luxe 7/8', N'Chất liệu Adisoft mềm mại', N'Hoạt động', 7, 2, N'https://res.cloudinary.com/dtwsqkqpc/image/upload/v1745312738/Quan_Legging_7-8_Luxe_Optime_DJen_IQ2692_21_model_vevc5y.jpg')
INSERT [dbo].[san_pham] ([id_san_pham], [id_danh_muc], [ma_san_pham], [ten_san_pham], [mo_ta], [trang_thai], [id_chat_lieu], [id_thuong_hieu], [hinh_anh]) VALUES (137, 15, N'SP137', N'Quần legging yoga Lululemon Align™ Pant 25"', N'Cảm giác "không mặc gì", thoải mái tối đa', N'Hoạt động', 7, 1, N'https://res.cloudinary.com/dtwsqkqpc/image/upload/v1745312897/LW5CJ5S_0001_1_yohuse.jpg')
INSERT [dbo].[san_pham] ([id_san_pham], [id_danh_muc], [ma_san_pham], [ten_san_pham], [mo_ta], [trang_thai], [id_chat_lieu], [id_thuong_hieu], [hinh_anh]) VALUES (138, 15, N'SP138', N'Áo tank top yoga Nike Dri-FIT ADV Aura Slim-Fit', N'Ôm vừa vặn, thoáng khí', N'Hoạt động', 7, 1, N'https://res.cloudinary.com/dtwsqkqpc/image/upload/v1745313074/s-l1200_yu4uiz.jpg')
GO
INSERT [dbo].[san_pham] ([id_san_pham], [id_danh_muc], [ma_san_pham], [ten_san_pham], [mo_ta], [trang_thai], [id_chat_lieu], [id_thuong_hieu], [hinh_anh]) VALUES (139, 15, N'SP139', N'Áo tank top yoga Adidas Yoga Studio', N'Dáng rộng, che phủ tốt', N'Hoạt động', 8, 2, N'https://res.cloudinary.com/dtwsqkqpc/image/upload/v1745313229/Yoga_Studio_Printed_Tank_Top_Yellow_IU3183_HM1_byy6nd.jpg')
INSERT [dbo].[san_pham] ([id_san_pham], [id_danh_muc], [ma_san_pham], [ten_san_pham], [mo_ta], [trang_thai], [id_chat_lieu], [id_thuong_hieu], [hinh_anh]) VALUES (140, 15, N'SP140', N'Áo tank top Alo Yoga Cover Tank', N'Thiết kế thời trang, chất liệu mềm', N'Hoạt động', 8, 3, N'https://res.cloudinary.com/dtwsqkqpc/image/upload/v1745313332/W2564R_01_b1_s1_a1_1_m54_750x_tcq54x.jpg')
INSERT [dbo].[san_pham] ([id_san_pham], [id_danh_muc], [ma_san_pham], [ten_san_pham], [mo_ta], [trang_thai], [id_chat_lieu], [id_thuong_hieu], [hinh_anh]) VALUES (141, 16, N'SP141', N'Váy tennis NikeCourt Dri-FIT Victory Flouncy Skirt', N'Chân váy xòe, có quần short bên trong', N'Hoạt động', 1, 1, N'https://res.cloudinary.com/dtwsqkqpc/image/upload/v1745313499/Vay-NikeCourt-Dri-FIT-Victory-Womens-Flouncy-Tennis-Skirt-DH9553-100_k2ckyc.jpg')
INSERT [dbo].[san_pham] ([id_san_pham], [id_danh_muc], [ma_san_pham], [ten_san_pham], [mo_ta], [trang_thai], [id_chat_lieu], [id_thuong_hieu], [hinh_anh]) VALUES (142, 16, N'SP142', N'Váy tennis Adidas Club Tennis Pleated Skirt', N'Xếp ly nữ tính, chất liệu AEROREADY', N'Hoạt động', 1, 2, N'https://res.cloudinary.com/dtwsqkqpc/image/upload/v1745313640/Chan_Vay_Xep_Ly_Club_Tennis_Climacool_trang_JD6116_01_laydown_bzoish.jpg')
INSERT [dbo].[san_pham] ([id_san_pham], [id_danh_muc], [ma_san_pham], [ten_san_pham], [mo_ta], [trang_thai], [id_chat_lieu], [id_thuong_hieu], [hinh_anh]) VALUES (143, 16, N'SP143', N'Váy tennis Fila Heritage Tennis Dress', N'Váy liền thân phong cách cổ điển', N'Hoạt động', 8, 3, N'https://res.cloudinary.com/dtwsqkqpc/image/upload/v1745313780/TW33D753_492_01_e_hy0gqe.jpg')
INSERT [dbo].[san_pham] ([id_san_pham], [id_danh_muc], [ma_san_pham], [ten_san_pham], [mo_ta], [trang_thai], [id_chat_lieu], [id_thuong_hieu], [hinh_anh]) VALUES (144, 16, N'SP144', N'Áo đấu thể thao nữ Nike Dri-FIT ADV Team', N'Áo thi đấu chuyên nghiệp, thoáng khí', N'Hoạt động', 1, 1, N'https://res.cloudinary.com/dtwsqkqpc/image/upload/v1745313865/Ao-202425-China-Team-Away-Fan-Version-Nike-Dri-FIT-Womens-Soccer-Jersey-FJ4329-100_qrtyxd.jpg')
INSERT [dbo].[san_pham] ([id_san_pham], [id_danh_muc], [ma_san_pham], [ten_san_pham], [mo_ta], [trang_thai], [id_chat_lieu], [id_thuong_hieu], [hinh_anh]) VALUES (145, 16, N'SP145', N'Áo Thun Nữ Under Armour We Run', N'Nhẹ, nhanh khô, phù hợp với nhiều hoạt động', N'Hoạt động', 1, 8, N'https://res.cloudinary.com/dtwsqkqpc/image/upload/v1745314054/1382965-100-1_gftxus.jpg')
SET IDENTITY_INSERT [dbo].[san_pham] OFF
GO
-- 9. Bảng khuyen_mai
INSERT INTO khuyen_mai (ma_khuyen_mai, ten_khuyen_mai, mo_ta, ngay_bat_dau, ngay_het_han, gia_tri_toi_da, gia_tri_giam, kieu_giam_gia, trang_thai) VALUES
('KM001', N'Giảm giá Tết', N'Giảm 20% cho đơn trên 500K', '2025-01-01', '2025-02-15', 100000, 20, N'Phần trăm', N'Đang diễn ra'),
('KM002', N'Flash Sale', N'Giảm 100K cho đơn từ 300K', '2025-03-10', '2025-03-20', 100000, 100000, N'Tiền mặt', N'Sắp diễn ra'),
('KM003', N'Mừng sinh nhật', N'Giảm 15% tối đa 50K', '2025-05-01', '2025-05-07', 50000, 15, N'Phần trăm', N'Sắp diễn ra'),
('KM004', N'Khuyến mãi hè', N'Giảm giá 50K đơn từ 400K', '2025-06-01', '2025-06-30', 50000, 50000, N'Tiền mặt', N'Sắp diễn ra'),
('KM005', N'Black Friday', N'Giảm 30% tối đa 200K', '2024-11-20', '2024-11-30', 200000, 30, N'Phần trăm', N'Đã kết thúc'),
('KM006', N'Giảm giá mùa đông', N'Giảm 10% đơn trên 300K', '2025-12-01', '2025-12-31', 50000, 10, N'Phần trăm', N'Sắp diễn ra'),
('KM007', N'Khuyến mãi VIP', N'Giảm 200K cho đơn từ 1M', '2025-02-01', '2025-02-28', 200000, 200000, N'Tiền mặt', N'Đang diễn ra'),
('KM008', N'Mua 2 tặng 1', N'Giảm 50% sản phẩm thứ 2', '2025-04-01', '2025-04-15', 100000, 50, N'Phần trăm', N'Sắp diễn ra'),
('KM009', N'Khuyến mãi khai trương', N'Giảm 100K đơn từ 500K', '2025-03-01', '2025-03-31', 100000, 100000, N'Tiền mặt', N'Đang diễn ra'),
('KM010', N'Giảm giá cuối năm', N'Giảm 25% tối đa 150K', '2025-12-15', '2025-12-31', 150000, 25, N'Phần trăm', N'Sắp diễn ra');

-- 10. Bảng kich_thuoc
SET IDENTITY_INSERT [dbo].[kich_thuoc] ON 

INSERT [dbo].[kich_thuoc] ([id_kich_thuoc], [ma_kich_thuoc], [gia_tri], [don_vi], [trang_thai]) VALUES (1, N'KT001', N'XS', N'Size', N'Hoạt động')
INSERT [dbo].[kich_thuoc] ([id_kich_thuoc], [ma_kich_thuoc], [gia_tri], [don_vi], [trang_thai]) VALUES (2, N'KT002', N'S', N'Size', N'Hoạt động')
INSERT [dbo].[kich_thuoc] ([id_kich_thuoc], [ma_kich_thuoc], [gia_tri], [don_vi], [trang_thai]) VALUES (3, N'KT003', N'M', N'Size', N'Hoạt động')
INSERT [dbo].[kich_thuoc] ([id_kich_thuoc], [ma_kich_thuoc], [gia_tri], [don_vi], [trang_thai]) VALUES (4, N'KT004', N'L', N'Size', N'Hoạt động')
INSERT [dbo].[kich_thuoc] ([id_kich_thuoc], [ma_kich_thuoc], [gia_tri], [don_vi], [trang_thai]) VALUES (5, N'KT005', N'XL', N'Size', N'Hoạt động')
INSERT [dbo].[kich_thuoc] ([id_kich_thuoc], [ma_kich_thuoc], [gia_tri], [don_vi], [trang_thai]) VALUES (6, N'KT006', N'XXL', N'Size', N'Hoạt động')
INSERT [dbo].[kich_thuoc] ([id_kich_thuoc], [ma_kich_thuoc], [gia_tri], [don_vi], [trang_thai]) VALUES (7, N'KT007', N'36', N'EU', N'Hoạt động')
INSERT [dbo].[kich_thuoc] ([id_kich_thuoc], [ma_kich_thuoc], [gia_tri], [don_vi], [trang_thai]) VALUES (8, N'KT008', N'37', N'EU', N'Hoạt động')
INSERT [dbo].[kich_thuoc] ([id_kich_thuoc], [ma_kich_thuoc], [gia_tri], [don_vi], [trang_thai]) VALUES (9, N'KT009', N'38', N'EU', N'Hoạt động')
INSERT [dbo].[kich_thuoc] ([id_kich_thuoc], [ma_kich_thuoc], [gia_tri], [don_vi], [trang_thai]) VALUES (10, N'KT010', N'39', N'EU', N'Hoạt động')
INSERT [dbo].[kich_thuoc] ([id_kich_thuoc], [ma_kich_thuoc], [gia_tri], [don_vi], [trang_thai]) VALUES (11, N'KT011', N'40', N'EU', N'Hoạt động')
INSERT [dbo].[kich_thuoc] ([id_kich_thuoc], [ma_kich_thuoc], [gia_tri], [don_vi], [trang_thai]) VALUES (12, N'KT012', N'41', N'EU', N'Hoạt động')
INSERT [dbo].[kich_thuoc] ([id_kich_thuoc], [ma_kich_thuoc], [gia_tri], [don_vi], [trang_thai]) VALUES (13, N'KT013', N'42', N'EU', N'Hoạt động')
INSERT [dbo].[kich_thuoc] ([id_kich_thuoc], [ma_kich_thuoc], [gia_tri], [don_vi], [trang_thai]) VALUES (14, N'KT014', N'43', N'EU', N'Hoạt động')
INSERT [dbo].[kich_thuoc] ([id_kich_thuoc], [ma_kich_thuoc], [gia_tri], [don_vi], [trang_thai]) VALUES (15, N'KT015', N'44', N'EU', N'Hoạt động')
INSERT [dbo].[kich_thuoc] ([id_kich_thuoc], [ma_kich_thuoc], [gia_tri], [don_vi], [trang_thai]) VALUES (16, N'KT016', N'45', N'EU', N'Hoạt động')
INSERT [dbo].[kich_thuoc] ([id_kich_thuoc], [ma_kich_thuoc], [gia_tri], [don_vi], [trang_thai]) VALUES (17, N'KT017', N'One Size', N'', N'Hoạt động')
INSERT [dbo].[kich_thuoc] ([id_kich_thuoc], [ma_kich_thuoc], [gia_tri], [don_vi], [trang_thai]) VALUES (18, N'KT018', N'S/M', N'Size', N'Hoạt động')
INSERT [dbo].[kich_thuoc] ([id_kich_thuoc], [ma_kich_thuoc], [gia_tri], [don_vi], [trang_thai]) VALUES (19, N'KT019', N'L/XL', N'Size', N'Hoạt động')
SET IDENTITY_INSERT [dbo].[kich_thuoc] OFF
GO

-- 11. Bảng mau_sac
SET IDENTITY_INSERT [dbo].[mau_sac] ON 

INSERT [dbo].[mau_sac] ([id_mau_sac], [ma_mau_sac], [ten_mau_sac], [trang_thai]) VALUES (1, N'MS001', N'Đen', N'Hoạt động')
INSERT [dbo].[mau_sac] ([id_mau_sac], [ma_mau_sac], [ten_mau_sac], [trang_thai]) VALUES (2, N'MS002', N'Trắng', N'Hoạt động')
INSERT [dbo].[mau_sac] ([id_mau_sac], [ma_mau_sac], [ten_mau_sac], [trang_thai]) VALUES (3, N'MS003', N'Xám', N'Hoạt động')
INSERT [dbo].[mau_sac] ([id_mau_sac], [ma_mau_sac], [ten_mau_sac], [trang_thai]) VALUES (4, N'MS004', N'Xanh Navy', N'Hoạt động')
INSERT [dbo].[mau_sac] ([id_mau_sac], [ma_mau_sac], [ten_mau_sac], [trang_thai]) VALUES (5, N'MS005', N'Xanh Dương', N'Hoạt động')
INSERT [dbo].[mau_sac] ([id_mau_sac], [ma_mau_sac], [ten_mau_sac], [trang_thai]) VALUES (6, N'MS006', N'Đỏ', N'Hoạt động')
INSERT [dbo].[mau_sac] ([id_mau_sac], [ma_mau_sac], [ten_mau_sac], [trang_thai]) VALUES (7, N'MS007', N'Vàng', N'Hoạt động')
INSERT [dbo].[mau_sac] ([id_mau_sac], [ma_mau_sac], [ten_mau_sac], [trang_thai]) VALUES (8, N'MS008', N'Cam', N'Hoạt động')
INSERT [dbo].[mau_sac] ([id_mau_sac], [ma_mau_sac], [ten_mau_sac], [trang_thai]) VALUES (9, N'MS009', N'Hồng', N'Hoạt động')
INSERT [dbo].[mau_sac] ([id_mau_sac], [ma_mau_sac], [ten_mau_sac], [trang_thai]) VALUES (10, N'MS010', N'Xanh lá', N'Hoạt động')
INSERT [dbo].[mau_sac] ([id_mau_sac], [ma_mau_sac], [ten_mau_sac], [trang_thai]) VALUES (11, N'MS011', N'Tím', N'Hoạt động')
INSERT [dbo].[mau_sac] ([id_mau_sac], [ma_mau_sac], [ten_mau_sac], [trang_thai]) VALUES (12, N'MS012', N'Be', N'Hoạt động')
INSERT [dbo].[mau_sac] ([id_mau_sac], [ma_mau_sac], [ten_mau_sac], [trang_thai]) VALUES (13, N'MS013', N'Nhiều màu', N'Hoạt động')
INSERT [dbo].[mau_sac] ([id_mau_sac], [ma_mau_sac], [ten_mau_sac], [trang_thai]) VALUES (14, N'MS014', N'Xanh Neon', N'Hoạt động')
INSERT [dbo].[mau_sac] ([id_mau_sac], [ma_mau_sac], [ten_mau_sac], [trang_thai]) VALUES (15, N'MS015', N'Nâu', N'Hoạt động')
SET IDENTITY_INSERT [dbo].[mau_sac] OFF
GO

-- 12. Bảng chi_tiet_san_pham
SET IDENTITY_INSERT [dbo].[chi_tiet_san_pham] ON 

INSERT [dbo].[chi_tiet_san_pham] ([id_chi_tiet_san_pham], [id_san_pham], [qr_code], [gia_ban], [so_luong], [trang_thai], [ngay_tao], [ngay_sua], [id_kich_thuoc], [id_mau_sac]) VALUES (1, 1, N'QR0001', CAST(550000.00 AS Decimal(12, 2)), 50, N'Hoạt động', CAST(N'2025-04-10T00:00:00.000' AS DateTime), CAST(N'2025-04-10T00:00:00.000' AS DateTime), 2, 1)
INSERT [dbo].[chi_tiet_san_pham] ([id_chi_tiet_san_pham], [id_san_pham], [qr_code], [gia_ban], [so_luong], [trang_thai], [ngay_tao], [ngay_sua], [id_kich_thuoc], [id_mau_sac]) VALUES (2, 1, N'QR0002', CAST(550000.00 AS Decimal(12, 2)), 60, N'Hoạt động', CAST(N'2025-04-10T00:00:00.000' AS DateTime), CAST(N'2025-04-10T00:00:00.000' AS DateTime), 3, 1)
INSERT [dbo].[chi_tiet_san_pham] ([id_chi_tiet_san_pham], [id_san_pham], [qr_code], [gia_ban], [so_luong], [trang_thai], [ngay_tao], [ngay_sua], [id_kich_thuoc], [id_mau_sac]) VALUES (3, 1, N'QR0003', CAST(550000.00 AS Decimal(12, 2)), 40, N'Hoạt động', CAST(N'2025-04-10T00:00:00.000' AS DateTime), CAST(N'2025-04-10T00:00:00.000' AS DateTime), 4, 1)
INSERT [dbo].[chi_tiet_san_pham] ([id_chi_tiet_san_pham], [id_san_pham], [qr_code], [gia_ban], [so_luong], [trang_thai], [ngay_tao], [ngay_sua], [id_kich_thuoc], [id_mau_sac]) VALUES (4, 1, N'QR0004', CAST(550000.00 AS Decimal(12, 2)), 55, N'Hoạt động', CAST(N'2025-04-10T00:00:00.000' AS DateTime), CAST(N'2025-04-10T00:00:00.000' AS DateTime), 3, 2)
INSERT [dbo].[chi_tiet_san_pham] ([id_chi_tiet_san_pham], [id_san_pham], [qr_code], [gia_ban], [so_luong], [trang_thai], [ngay_tao], [ngay_sua], [id_kich_thuoc], [id_mau_sac]) VALUES (5, 1, N'QR0005', CAST(550000.00 AS Decimal(12, 2)), 30, N'Không hoạt động', CAST(N'2025-04-10T00:00:00.000' AS DateTime), CAST(N'2025-04-10T00:00:00.000' AS DateTime), 4, 6)
INSERT [dbo].[chi_tiet_san_pham] ([id_chi_tiet_san_pham], [id_san_pham], [qr_code], [gia_ban], [so_luong], [trang_thai], [ngay_tao], [ngay_sua], [id_kich_thuoc], [id_mau_sac]) VALUES (6, 6, N'QR0006', CAST(480000.00 AS Decimal(12, 2)), 45, N'Hoạt động', CAST(N'2025-04-10T00:00:00.000' AS DateTime), CAST(N'2025-04-10T00:00:00.000' AS DateTime), 2, 1)
INSERT [dbo].[chi_tiet_san_pham] ([id_chi_tiet_san_pham], [id_san_pham], [qr_code], [gia_ban], [so_luong], [trang_thai], [ngay_tao], [ngay_sua], [id_kich_thuoc], [id_mau_sac]) VALUES (7, 6, N'QR0007', CAST(480000.00 AS Decimal(12, 2)), 55, N'Hoạt động', CAST(N'2025-04-10T00:00:00.000' AS DateTime), CAST(N'2025-04-10T00:00:00.000' AS DateTime), 3, 1)
INSERT [dbo].[chi_tiet_san_pham] ([id_chi_tiet_san_pham], [id_san_pham], [qr_code], [gia_ban], [so_luong], [trang_thai], [ngay_tao], [ngay_sua], [id_kich_thuoc], [id_mau_sac]) VALUES (8, 6, N'QR0008', CAST(480000.00 AS Decimal(12, 2)), 65, N'Hoạt động', CAST(N'2025-04-10T00:00:00.000' AS DateTime), CAST(N'2025-04-10T00:00:00.000' AS DateTime), 4, 1)
INSERT [dbo].[chi_tiet_san_pham] ([id_chi_tiet_san_pham], [id_san_pham], [qr_code], [gia_ban], [so_luong], [trang_thai], [ngay_tao], [ngay_sua], [id_kich_thuoc], [id_mau_sac]) VALUES (9, 6, N'QR0009', CAST(480000.00 AS Decimal(12, 2)), 30, N'Hoạt động', CAST(N'2025-04-10T00:00:00.000' AS DateTime), CAST(N'2025-04-10T00:00:00.000' AS DateTime), 3, 5)
INSERT [dbo].[chi_tiet_san_pham] ([id_chi_tiet_san_pham], [id_san_pham], [qr_code], [gia_ban], [so_luong], [trang_thai], [ngay_tao], [ngay_sua], [id_kich_thuoc], [id_mau_sac]) VALUES (10, 13, N'QR0010', CAST(6500000.00 AS Decimal(12, 2)), 15, N'Hoạt động', CAST(N'2025-04-10T00:00:00.000' AS DateTime), CAST(N'2025-04-10T00:00:00.000' AS DateTime), 10, 7)
INSERT [dbo].[chi_tiet_san_pham] ([id_chi_tiet_san_pham], [id_san_pham], [qr_code], [gia_ban], [so_luong], [trang_thai], [ngay_tao], [ngay_sua], [id_kich_thuoc], [id_mau_sac]) VALUES (11, 13, N'QR0011', CAST(6500000.00 AS Decimal(12, 2)), 25, N'Hoạt động', CAST(N'2025-04-10T00:00:00.000' AS DateTime), CAST(N'2025-04-10T00:00:00.000' AS DateTime), 11, 7)
INSERT [dbo].[chi_tiet_san_pham] ([id_chi_tiet_san_pham], [id_san_pham], [qr_code], [gia_ban], [so_luong], [trang_thai], [ngay_tao], [ngay_sua], [id_kich_thuoc], [id_mau_sac]) VALUES (12, 13, N'QR0012', CAST(6500000.00 AS Decimal(12, 2)), 30, N'Hoạt động', CAST(N'2025-04-10T00:00:00.000' AS DateTime), CAST(N'2025-04-10T00:00:00.000' AS DateTime), 12, 7)
INSERT [dbo].[chi_tiet_san_pham] ([id_chi_tiet_san_pham], [id_san_pham], [qr_code], [gia_ban], [so_luong], [trang_thai], [ngay_tao], [ngay_sua], [id_kich_thuoc], [id_mau_sac]) VALUES (13, 13, N'QR0013', CAST(6500000.00 AS Decimal(12, 2)), 20, N'Hoạt động', CAST(N'2025-04-10T00:00:00.000' AS DateTime), CAST(N'2025-04-10T00:00:00.000' AS DateTime), 13, 7)
INSERT [dbo].[chi_tiet_san_pham] ([id_chi_tiet_san_pham], [id_san_pham], [qr_code], [gia_ban], [so_luong], [trang_thai], [ngay_tao], [ngay_sua], [id_kich_thuoc], [id_mau_sac]) VALUES (14, 13, N'QR0014', CAST(6500000.00 AS Decimal(12, 2)), 10, N'Hoạt động', CAST(N'2025-04-10T00:00:00.000' AS DateTime), CAST(N'2025-04-10T00:00:00.000' AS DateTime), 11, 14)
INSERT [dbo].[chi_tiet_san_pham] ([id_chi_tiet_san_pham], [id_san_pham], [qr_code], [gia_ban], [so_luong], [trang_thai], [ngay_tao], [ngay_sua], [id_kich_thuoc], [id_mau_sac]) VALUES (15, 13, N'QR0015', CAST(6500000.00 AS Decimal(12, 2)), 18, N'Không hoạt động', CAST(N'2025-04-10T00:00:00.000' AS DateTime), CAST(N'2025-04-10T00:00:00.000' AS DateTime), 12, 1)
INSERT [dbo].[chi_tiet_san_pham] ([id_chi_tiet_san_pham], [id_san_pham], [qr_code], [gia_ban], [so_luong], [trang_thai], [ngay_tao], [ngay_sua], [id_kich_thuoc], [id_mau_sac]) VALUES (16, 39, N'QR0016', CAST(600000.00 AS Decimal(12, 2)), 70, N'Hoạt động', CAST(N'2025-04-10T00:00:00.000' AS DateTime), CAST(N'2025-04-10T00:00:00.000' AS DateTime), 3, 1)
INSERT [dbo].[chi_tiet_san_pham] ([id_chi_tiet_san_pham], [id_san_pham], [qr_code], [gia_ban], [so_luong], [trang_thai], [ngay_tao], [ngay_sua], [id_kich_thuoc], [id_mau_sac]) VALUES (17, 39, N'QR0017', CAST(600000.00 AS Decimal(12, 2)), 80, N'Hoạt động', CAST(N'2025-04-10T00:00:00.000' AS DateTime), CAST(N'2025-04-10T00:00:00.000' AS DateTime), 4, 1)
INSERT [dbo].[chi_tiet_san_pham] ([id_chi_tiet_san_pham], [id_san_pham], [qr_code], [gia_ban], [so_luong], [trang_thai], [ngay_tao], [ngay_sua], [id_kich_thuoc], [id_mau_sac]) VALUES (18, 39, N'QR0018', CAST(600000.00 AS Decimal(12, 2)), 60, N'Hoạt động', CAST(N'2025-04-10T00:00:00.000' AS DateTime), CAST(N'2025-04-10T00:00:00.000' AS DateTime), 3, 2)
INSERT [dbo].[chi_tiet_san_pham] ([id_chi_tiet_san_pham], [id_san_pham], [qr_code], [gia_ban], [so_luong], [trang_thai], [ngay_tao], [ngay_sua], [id_kich_thuoc], [id_mau_sac]) VALUES (19, 39, N'QR0019', CAST(600000.00 AS Decimal(12, 2)), 50, N'Hoạt động', CAST(N'2025-04-10T00:00:00.000' AS DateTime), CAST(N'2025-04-10T00:00:00.000' AS DateTime), 4, 3)
INSERT [dbo].[chi_tiet_san_pham] ([id_chi_tiet_san_pham], [id_san_pham], [qr_code], [gia_ban], [so_luong], [trang_thai], [ngay_tao], [ngay_sua], [id_kich_thuoc], [id_mau_sac]) VALUES (20, 39, N'QR0020', CAST(600000.00 AS Decimal(12, 2)), 40, N'Hoạt động', CAST(N'2025-04-10T00:00:00.000' AS DateTime), CAST(N'2025-04-10T00:00:00.000' AS DateTime), 5, 1)
INSERT [dbo].[chi_tiet_san_pham] ([id_chi_tiet_san_pham], [id_san_pham], [qr_code], [gia_ban], [so_luong], [trang_thai], [ngay_tao], [ngay_sua], [id_kich_thuoc], [id_mau_sac]) VALUES (21, 39, N'QR0021', CAST(600000.00 AS Decimal(12, 2)), 35, N'Hoạt động', CAST(N'2025-04-10T00:00:00.000' AS DateTime), CAST(N'2025-04-10T00:00:00.000' AS DateTime), 3, 5)
INSERT [dbo].[chi_tiet_san_pham] ([id_chi_tiet_san_pham], [id_san_pham], [qr_code], [gia_ban], [so_luong], [trang_thai], [ngay_tao], [ngay_sua], [id_kich_thuoc], [id_mau_sac]) VALUES (30, 74, N'QR0030', CAST(450000.00 AS Decimal(12, 2)), 100, N'Hoạt động', CAST(N'2025-04-10T00:00:00.000' AS DateTime), CAST(N'2025-04-10T00:00:00.000' AS DateTime), 3, 1)
INSERT [dbo].[chi_tiet_san_pham] ([id_chi_tiet_san_pham], [id_san_pham], [qr_code], [gia_ban], [so_luong], [trang_thai], [ngay_tao], [ngay_sua], [id_kich_thuoc], [id_mau_sac]) VALUES (31, 74, N'QR0031', CAST(450000.00 AS Decimal(12, 2)), 120, N'Hoạt động', CAST(N'2025-04-10T00:00:00.000' AS DateTime), CAST(N'2025-04-10T00:00:00.000' AS DateTime), 4, 1)
INSERT [dbo].[chi_tiet_san_pham] ([id_chi_tiet_san_pham], [id_san_pham], [qr_code], [gia_ban], [so_luong], [trang_thai], [ngay_tao], [ngay_sua], [id_kich_thuoc], [id_mau_sac]) VALUES (32, 74, N'QR0032', CAST(450000.00 AS Decimal(12, 2)), 90, N'Hoạt động', CAST(N'2025-04-10T00:00:00.000' AS DateTime), CAST(N'2025-04-10T00:00:00.000' AS DateTime), 5, 1)
INSERT [dbo].[chi_tiet_san_pham] ([id_chi_tiet_san_pham], [id_san_pham], [qr_code], [gia_ban], [so_luong], [trang_thai], [ngay_tao], [ngay_sua], [id_kich_thuoc], [id_mau_sac]) VALUES (33, 74, N'QR0033', CAST(450000.00 AS Decimal(12, 2)), 80, N'Hoạt động', CAST(N'2025-04-10T00:00:00.000' AS DateTime), CAST(N'2025-04-10T00:00:00.000' AS DateTime), 3, 2)
INSERT [dbo].[chi_tiet_san_pham] ([id_chi_tiet_san_pham], [id_san_pham], [qr_code], [gia_ban], [so_luong], [trang_thai], [ngay_tao], [ngay_sua], [id_kich_thuoc], [id_mau_sac]) VALUES (34, 74, N'QR0034', CAST(450000.00 AS Decimal(12, 2)), 85, N'Hoạt động', CAST(N'2025-04-10T00:00:00.000' AS DateTime), CAST(N'2025-04-10T00:00:00.000' AS DateTime), 4, 2)
INSERT [dbo].[chi_tiet_san_pham] ([id_chi_tiet_san_pham], [id_san_pham], [qr_code], [gia_ban], [so_luong], [trang_thai], [ngay_tao], [ngay_sua], [id_kich_thuoc], [id_mau_sac]) VALUES (35, 74, N'QR0035', CAST(450000.00 AS Decimal(12, 2)), 70, N'Hoạt động', CAST(N'2025-04-10T00:00:00.000' AS DateTime), CAST(N'2025-04-10T00:00:00.000' AS DateTime), 3, 3)
INSERT [dbo].[chi_tiet_san_pham] ([id_chi_tiet_san_pham], [id_san_pham], [qr_code], [gia_ban], [so_luong], [trang_thai], [ngay_tao], [ngay_sua], [id_kich_thuoc], [id_mau_sac]) VALUES (36, 74, N'QR0036', CAST(450000.00 AS Decimal(12, 2)), 75, N'Hoạt động', CAST(N'2025-04-10T00:00:00.000' AS DateTime), CAST(N'2025-04-10T00:00:00.000' AS DateTime), 4, 4)
INSERT [dbo].[chi_tiet_san_pham] ([id_chi_tiet_san_pham], [id_san_pham], [qr_code], [gia_ban], [so_luong], [trang_thai], [ngay_tao], [ngay_sua], [id_kich_thuoc], [id_mau_sac]) VALUES (37, 90, N'QR0037', CAST(2500000.00 AS Decimal(12, 2)), 25, N'Hoạt động', CAST(N'2025-04-10T00:00:00.000' AS DateTime), CAST(N'2025-04-10T00:00:00.000' AS DateTime), 2, 1)
INSERT [dbo].[chi_tiet_san_pham] ([id_chi_tiet_san_pham], [id_san_pham], [qr_code], [gia_ban], [so_luong], [trang_thai], [ngay_tao], [ngay_sua], [id_kich_thuoc], [id_mau_sac]) VALUES (38, 90, N'QR0038', CAST(2500000.00 AS Decimal(12, 2)), 35, N'Hoạt động', CAST(N'2025-04-10T00:00:00.000' AS DateTime), CAST(N'2025-04-10T00:00:00.000' AS DateTime), 3, 1)
INSERT [dbo].[chi_tiet_san_pham] ([id_chi_tiet_san_pham], [id_san_pham], [qr_code], [gia_ban], [so_luong], [trang_thai], [ngay_tao], [ngay_sua], [id_kich_thuoc], [id_mau_sac]) VALUES (39, 90, N'QR0039', CAST(2500000.00 AS Decimal(12, 2)), 30, N'Hoạt động', CAST(N'2025-04-10T00:00:00.000' AS DateTime), CAST(N'2025-04-10T00:00:00.000' AS DateTime), 4, 1)
INSERT [dbo].[chi_tiet_san_pham] ([id_chi_tiet_san_pham], [id_san_pham], [qr_code], [gia_ban], [so_luong], [trang_thai], [ngay_tao], [ngay_sua], [id_kich_thuoc], [id_mau_sac]) VALUES (40, 90, N'QR0040', CAST(2500000.00 AS Decimal(12, 2)), 20, N'Hoạt động', CAST(N'2025-04-10T00:00:00.000' AS DateTime), CAST(N'2025-04-10T00:00:00.000' AS DateTime), 3, 3)
INSERT [dbo].[chi_tiet_san_pham] ([id_chi_tiet_san_pham], [id_san_pham], [qr_code], [gia_ban], [so_luong], [trang_thai], [ngay_tao], [ngay_sua], [id_kich_thuoc], [id_mau_sac]) VALUES (41, 90, N'QR0041', CAST(2500000.00 AS Decimal(12, 2)), 15, N'Không hoạt động', CAST(N'2025-04-10T00:00:00.000' AS DateTime), CAST(N'2025-04-10T00:00:00.000' AS DateTime), 4, 3)
INSERT [dbo].[chi_tiet_san_pham] ([id_chi_tiet_san_pham], [id_san_pham], [qr_code], [gia_ban], [so_luong], [trang_thai], [ngay_tao], [ngay_sua], [id_kich_thuoc], [id_mau_sac]) VALUES (42, 113, N'QR0042', CAST(700000.00 AS Decimal(12, 2)), 60, N'Hoạt động', CAST(N'2025-04-10T00:00:00.000' AS DateTime), CAST(N'2025-04-10T00:00:00.000' AS DateTime), 1, 1)
INSERT [dbo].[chi_tiet_san_pham] ([id_chi_tiet_san_pham], [id_san_pham], [qr_code], [gia_ban], [so_luong], [trang_thai], [ngay_tao], [ngay_sua], [id_kich_thuoc], [id_mau_sac]) VALUES (43, 113, N'QR0043', CAST(700000.00 AS Decimal(12, 2)), 70, N'Hoạt động', CAST(N'2025-04-10T00:00:00.000' AS DateTime), CAST(N'2025-04-10T00:00:00.000' AS DateTime), 2, 1)
INSERT [dbo].[chi_tiet_san_pham] ([id_chi_tiet_san_pham], [id_san_pham], [qr_code], [gia_ban], [so_luong], [trang_thai], [ngay_tao], [ngay_sua], [id_kich_thuoc], [id_mau_sac]) VALUES (44, 113, N'QR0044', CAST(700000.00 AS Decimal(12, 2)), 65, N'Hoạt động', CAST(N'2025-04-10T00:00:00.000' AS DateTime), CAST(N'2025-04-10T00:00:00.000' AS DateTime), 3, 1)
INSERT [dbo].[chi_tiet_san_pham] ([id_chi_tiet_san_pham], [id_san_pham], [qr_code], [gia_ban], [so_luong], [trang_thai], [ngay_tao], [ngay_sua], [id_kich_thuoc], [id_mau_sac]) VALUES (45, 113, N'QR0045', CAST(700000.00 AS Decimal(12, 2)), 50, N'Hoạt động', CAST(N'2025-04-10T00:00:00.000' AS DateTime), CAST(N'2025-04-10T00:00:00.000' AS DateTime), 2, 2)
INSERT [dbo].[chi_tiet_san_pham] ([id_chi_tiet_san_pham], [id_san_pham], [qr_code], [gia_ban], [so_luong], [trang_thai], [ngay_tao], [ngay_sua], [id_kich_thuoc], [id_mau_sac]) VALUES (46, 113, N'QR0046', CAST(700000.00 AS Decimal(12, 2)), 40, N'Hoạt động', CAST(N'2025-04-10T00:00:00.000' AS DateTime), CAST(N'2025-04-10T00:00:00.000' AS DateTime), 3, 9)
INSERT [dbo].[chi_tiet_san_pham] ([id_chi_tiet_san_pham], [id_san_pham], [qr_code], [gia_ban], [so_luong], [trang_thai], [ngay_tao], [ngay_sua], [id_kich_thuoc], [id_mau_sac]) VALUES (47, 113, N'QR0047', CAST(700000.00 AS Decimal(12, 2)), 30, N'Không hoạt động', CAST(N'2025-04-10T00:00:00.000' AS DateTime), CAST(N'2025-04-10T00:00:00.000' AS DateTime), 1, 11)
INSERT [dbo].[chi_tiet_san_pham] ([id_chi_tiet_san_pham], [id_san_pham], [qr_code], [gia_ban], [so_luong], [trang_thai], [ngay_tao], [ngay_sua], [id_kich_thuoc], [id_mau_sac]) VALUES (48, 126, N'QR0048', CAST(1800000.00 AS Decimal(12, 2)), 40, N'Hoạt động', CAST(N'2025-04-10T00:00:00.000' AS DateTime), CAST(N'2025-04-10T00:00:00.000' AS DateTime), 1, 1)
INSERT [dbo].[chi_tiet_san_pham] ([id_chi_tiet_san_pham], [id_san_pham], [qr_code], [gia_ban], [so_luong], [trang_thai], [ngay_tao], [ngay_sua], [id_kich_thuoc], [id_mau_sac]) VALUES (49, 126, N'QR0049', CAST(1800000.00 AS Decimal(12, 2)), 50, N'Hoạt động', CAST(N'2025-04-10T00:00:00.000' AS DateTime), CAST(N'2025-04-10T00:00:00.000' AS DateTime), 2, 1)
INSERT [dbo].[chi_tiet_san_pham] ([id_chi_tiet_san_pham], [id_san_pham], [qr_code], [gia_ban], [so_luong], [trang_thai], [ngay_tao], [ngay_sua], [id_kich_thuoc], [id_mau_sac]) VALUES (50, 126, N'QR0050', CAST(1800000.00 AS Decimal(12, 2)), 45, N'Hoạt động', CAST(N'2025-04-10T00:00:00.000' AS DateTime), CAST(N'2025-04-10T00:00:00.000' AS DateTime), 3, 1)
INSERT [dbo].[chi_tiet_san_pham] ([id_chi_tiet_san_pham], [id_san_pham], [qr_code], [gia_ban], [so_luong], [trang_thai], [ngay_tao], [ngay_sua], [id_kich_thuoc], [id_mau_sac]) VALUES (51, 126, N'QR0051', CAST(1800000.00 AS Decimal(12, 2)), 30, N'Hoạt động', CAST(N'2025-04-10T00:00:00.000' AS DateTime), CAST(N'2025-04-10T00:00:00.000' AS DateTime), 2, 4)
INSERT [dbo].[chi_tiet_san_pham] ([id_chi_tiet_san_pham], [id_san_pham], [qr_code], [gia_ban], [so_luong], [trang_thai], [ngay_tao], [ngay_sua], [id_kich_thuoc], [id_mau_sac]) VALUES (52, 126, N'QR0052', CAST(1800000.00 AS Decimal(12, 2)), 20, N'Hoạt động', CAST(N'2025-04-10T00:00:00.000' AS DateTime), CAST(N'2025-04-10T00:00:00.000' AS DateTime), 3, 9)
INSERT [dbo].[chi_tiet_san_pham] ([id_chi_tiet_san_pham], [id_san_pham], [qr_code], [gia_ban], [so_luong], [trang_thai], [ngay_tao], [ngay_sua], [id_kich_thuoc], [id_mau_sac]) VALUES (62, 2, N'QR0062', CAST(620000.00 AS Decimal(12, 2)), 45, N'Hoạt động', CAST(N'2025-04-10T00:00:00.000' AS DateTime), CAST(N'2025-04-10T00:00:00.000' AS DateTime), 2, 2)
INSERT [dbo].[chi_tiet_san_pham] ([id_chi_tiet_san_pham], [id_san_pham], [qr_code], [gia_ban], [so_luong], [trang_thai], [ngay_tao], [ngay_sua], [id_kich_thuoc], [id_mau_sac]) VALUES (63, 2, N'QR0063', CAST(620000.00 AS Decimal(12, 2)), 55, N'Hoạt động', CAST(N'2025-04-10T00:00:00.000' AS DateTime), CAST(N'2025-04-10T00:00:00.000' AS DateTime), 3, 2)
INSERT [dbo].[chi_tiet_san_pham] ([id_chi_tiet_san_pham], [id_san_pham], [qr_code], [gia_ban], [so_luong], [trang_thai], [ngay_tao], [ngay_sua], [id_kich_thuoc], [id_mau_sac]) VALUES (64, 2, N'QR0064', CAST(620000.00 AS Decimal(12, 2)), 50, N'Hoạt động', CAST(N'2025-04-10T00:00:00.000' AS DateTime), CAST(N'2025-04-10T00:00:00.000' AS DateTime), 4, 2)
INSERT [dbo].[chi_tiet_san_pham] ([id_chi_tiet_san_pham], [id_san_pham], [qr_code], [gia_ban], [so_luong], [trang_thai], [ngay_tao], [ngay_sua], [id_kich_thuoc], [id_mau_sac]) VALUES (65, 2, N'QR0065', CAST(620000.00 AS Decimal(12, 2)), 40, N'Hoạt động', CAST(N'2025-04-10T00:00:00.000' AS DateTime), CAST(N'2025-04-10T00:00:00.000' AS DateTime), 3, 5)
INSERT [dbo].[chi_tiet_san_pham] ([id_chi_tiet_san_pham], [id_san_pham], [qr_code], [gia_ban], [so_luong], [trang_thai], [ngay_tao], [ngay_sua], [id_kich_thuoc], [id_mau_sac]) VALUES (66, 2, N'QR0066', CAST(620000.00 AS Decimal(12, 2)), 35, N'Không hoạt động', CAST(N'2025-04-10T00:00:00.000' AS DateTime), CAST(N'2025-04-10T00:00:00.000' AS DateTime), 4, 6)
INSERT [dbo].[chi_tiet_san_pham] ([id_chi_tiet_san_pham], [id_san_pham], [qr_code], [gia_ban], [so_luong], [trang_thai], [ngay_tao], [ngay_sua], [id_kich_thuoc], [id_mau_sac]) VALUES (67, 14, N'QR0067', CAST(6000000.00 AS Decimal(12, 2)), 18, N'Hoạt động', CAST(N'2025-04-10T00:00:00.000' AS DateTime), CAST(N'2025-04-10T00:00:00.000' AS DateTime), 10, 1)
INSERT [dbo].[chi_tiet_san_pham] ([id_chi_tiet_san_pham], [id_san_pham], [qr_code], [gia_ban], [so_luong], [trang_thai], [ngay_tao], [ngay_sua], [id_kich_thuoc], [id_mau_sac]) VALUES (68, 14, N'QR0068', CAST(6000000.00 AS Decimal(12, 2)), 28, N'Hoạt động', CAST(N'2025-04-10T00:00:00.000' AS DateTime), CAST(N'2025-04-10T00:00:00.000' AS DateTime), 11, 1)
INSERT [dbo].[chi_tiet_san_pham] ([id_chi_tiet_san_pham], [id_san_pham], [qr_code], [gia_ban], [so_luong], [trang_thai], [ngay_tao], [ngay_sua], [id_kich_thuoc], [id_mau_sac]) VALUES (69, 14, N'QR0069', CAST(6000000.00 AS Decimal(12, 2)), 32, N'Hoạt động', CAST(N'2025-04-10T00:00:00.000' AS DateTime), CAST(N'2025-04-10T00:00:00.000' AS DateTime), 12, 1)
INSERT [dbo].[chi_tiet_san_pham] ([id_chi_tiet_san_pham], [id_san_pham], [qr_code], [gia_ban], [so_luong], [trang_thai], [ngay_tao], [ngay_sua], [id_kich_thuoc], [id_mau_sac]) VALUES (70, 14, N'QR0070', CAST(6000000.00 AS Decimal(12, 2)), 22, N'Hoạt động', CAST(N'2025-04-10T00:00:00.000' AS DateTime), CAST(N'2025-04-10T00:00:00.000' AS DateTime), 13, 1)
INSERT [dbo].[chi_tiet_san_pham] ([id_chi_tiet_san_pham], [id_san_pham], [qr_code], [gia_ban], [so_luong], [trang_thai], [ngay_tao], [ngay_sua], [id_kich_thuoc], [id_mau_sac]) VALUES (71, 14, N'QR0071', CAST(6000000.00 AS Decimal(12, 2)), 25, N'Hoạt động', CAST(N'2025-04-10T00:00:00.000' AS DateTime), CAST(N'2025-04-10T00:00:00.000' AS DateTime), 11, 2)
INSERT [dbo].[chi_tiet_san_pham] ([id_chi_tiet_san_pham], [id_san_pham], [qr_code], [gia_ban], [so_luong], [trang_thai], [ngay_tao], [ngay_sua], [id_kich_thuoc], [id_mau_sac]) VALUES (72, 14, N'QR0072', CAST(6000000.00 AS Decimal(12, 2)), 20, N'Hoạt động', CAST(N'2025-04-10T00:00:00.000' AS DateTime), CAST(N'2025-04-10T00:00:00.000' AS DateTime), 12, 13)
INSERT [dbo].[chi_tiet_san_pham] ([id_chi_tiet_san_pham], [id_san_pham], [qr_code], [gia_ban], [so_luong], [trang_thai], [ngay_tao], [ngay_sua], [id_kich_thuoc], [id_mau_sac]) VALUES (75, 17, N'QR0073', CAST(580000.00 AS Decimal(12, 2)), 40, N'Hoạt động', CAST(N'2025-04-10T00:00:00.000' AS DateTime), CAST(N'2025-04-10T00:00:00.000' AS DateTime), 2, 1)
INSERT [dbo].[chi_tiet_san_pham] ([id_chi_tiet_san_pham], [id_san_pham], [qr_code], [gia_ban], [so_luong], [trang_thai], [ngay_tao], [ngay_sua], [id_kich_thuoc], [id_mau_sac]) VALUES (76, 17, N'QR0074', CAST(580000.00 AS Decimal(12, 2)), 50, N'Hoạt động', CAST(N'2025-04-10T00:00:00.000' AS DateTime), CAST(N'2025-04-10T00:00:00.000' AS DateTime), 3, 1)
INSERT [dbo].[chi_tiet_san_pham] ([id_chi_tiet_san_pham], [id_san_pham], [qr_code], [gia_ban], [so_luong], [trang_thai], [ngay_tao], [ngay_sua], [id_kich_thuoc], [id_mau_sac]) VALUES (77, 17, N'QR0075', CAST(580000.00 AS Decimal(12, 2)), 45, N'Hoạt động', CAST(N'2025-04-10T00:00:00.000' AS DateTime), CAST(N'2025-04-10T00:00:00.000' AS DateTime), 4, 1)
INSERT [dbo].[chi_tiet_san_pham] ([id_chi_tiet_san_pham], [id_san_pham], [qr_code], [gia_ban], [so_luong], [trang_thai], [ngay_tao], [ngay_sua], [id_kich_thuoc], [id_mau_sac]) VALUES (78, 17, N'QR0076', CAST(580000.00 AS Decimal(12, 2)), 35, N'Hoạt động', CAST(N'2025-04-10T00:00:00.000' AS DateTime), CAST(N'2025-04-10T00:00:00.000' AS DateTime), 3, 2)
INSERT [dbo].[chi_tiet_san_pham] ([id_chi_tiet_san_pham], [id_san_pham], [qr_code], [gia_ban], [so_luong], [trang_thai], [ngay_tao], [ngay_sua], [id_kich_thuoc], [id_mau_sac]) VALUES (79, 18, N'QR0077', CAST(650000.00 AS Decimal(12, 2)), 30, N'Hoạt động', CAST(N'2025-04-10T00:00:00.000' AS DateTime), CAST(N'2025-04-10T00:00:00.000' AS DateTime), 3, 7)
INSERT [dbo].[chi_tiet_san_pham] ([id_chi_tiet_san_pham], [id_san_pham], [qr_code], [gia_ban], [so_luong], [trang_thai], [ngay_tao], [ngay_sua], [id_kich_thuoc], [id_mau_sac]) VALUES (80, 18, N'QR0078', CAST(650000.00 AS Decimal(12, 2)), 35, N'Hoạt động', CAST(N'2025-04-10T00:00:00.000' AS DateTime), CAST(N'2025-04-10T00:00:00.000' AS DateTime), 4, 1)
INSERT [dbo].[chi_tiet_san_pham] ([id_chi_tiet_san_pham], [id_san_pham], [qr_code], [gia_ban], [so_luong], [trang_thai], [ngay_tao], [ngay_sua], [id_kich_thuoc], [id_mau_sac]) VALUES (81, 18, N'QR0079', CAST(650000.00 AS Decimal(12, 2)), 25, N'Hoạt động', CAST(N'2025-04-10T00:00:00.000' AS DateTime), CAST(N'2025-04-10T00:00:00.000' AS DateTime), 3, 2)
INSERT [dbo].[chi_tiet_san_pham] ([id_chi_tiet_san_pham], [id_san_pham], [qr_code], [gia_ban], [so_luong], [trang_thai], [ngay_tao], [ngay_sua], [id_kich_thuoc], [id_mau_sac]) VALUES (82, 19, N'QR0080', CAST(490000.00 AS Decimal(12, 2)), 55, N'Hoạt động', CAST(N'2025-04-10T00:00:00.000' AS DateTime), CAST(N'2025-04-10T00:00:00.000' AS DateTime), 3, 5)
INSERT [dbo].[chi_tiet_san_pham] ([id_chi_tiet_san_pham], [id_san_pham], [qr_code], [gia_ban], [so_luong], [trang_thai], [ngay_tao], [ngay_sua], [id_kich_thuoc], [id_mau_sac]) VALUES (83, 19, N'QR0081', CAST(490000.00 AS Decimal(12, 2)), 60, N'Hoạt động', CAST(N'2025-04-10T00:00:00.000' AS DateTime), CAST(N'2025-04-10T00:00:00.000' AS DateTime), 4, 5)
INSERT [dbo].[chi_tiet_san_pham] ([id_chi_tiet_san_pham], [id_san_pham], [qr_code], [gia_ban], [so_luong], [trang_thai], [ngay_tao], [ngay_sua], [id_kich_thuoc], [id_mau_sac]) VALUES (84, 19, N'QR0082', CAST(490000.00 AS Decimal(12, 2)), 40, N'Hoạt động', CAST(N'2025-04-10T00:00:00.000' AS DateTime), CAST(N'2025-04-10T00:00:00.000' AS DateTime), 3, 2)
INSERT [dbo].[chi_tiet_san_pham] ([id_chi_tiet_san_pham], [id_san_pham], [qr_code], [gia_ban], [so_luong], [trang_thai], [ngay_tao], [ngay_sua], [id_kich_thuoc], [id_mau_sac]) VALUES (85, 21, N'QR0083', CAST(850000.00 AS Decimal(12, 2)), 35, N'Hoạt động', CAST(N'2025-04-10T00:00:00.000' AS DateTime), CAST(N'2025-04-10T00:00:00.000' AS DateTime), 2, 1)
INSERT [dbo].[chi_tiet_san_pham] ([id_chi_tiet_san_pham], [id_san_pham], [qr_code], [gia_ban], [so_luong], [trang_thai], [ngay_tao], [ngay_sua], [id_kich_thuoc], [id_mau_sac]) VALUES (86, 21, N'QR0084', CAST(850000.00 AS Decimal(12, 2)), 45, N'Hoạt động', CAST(N'2025-04-10T00:00:00.000' AS DateTime), CAST(N'2025-04-10T00:00:00.000' AS DateTime), 3, 1)
INSERT [dbo].[chi_tiet_san_pham] ([id_chi_tiet_san_pham], [id_san_pham], [qr_code], [gia_ban], [so_luong], [trang_thai], [ngay_tao], [ngay_sua], [id_kich_thuoc], [id_mau_sac]) VALUES (87, 21, N'QR0085', CAST(850000.00 AS Decimal(12, 2)), 40, N'Hoạt động', CAST(N'2025-04-10T00:00:00.000' AS DateTime), CAST(N'2025-04-10T00:00:00.000' AS DateTime), 4, 1)
INSERT [dbo].[chi_tiet_san_pham] ([id_chi_tiet_san_pham], [id_san_pham], [qr_code], [gia_ban], [so_luong], [trang_thai], [ngay_tao], [ngay_sua], [id_kich_thuoc], [id_mau_sac]) VALUES (88, 21, N'QR0086', CAST(850000.00 AS Decimal(12, 2)), 30, N'Không hoạt động', CAST(N'2025-04-10T00:00:00.000' AS DateTime), CAST(N'2025-04-10T00:00:00.000' AS DateTime), 3, 6)
INSERT [dbo].[chi_tiet_san_pham] ([id_chi_tiet_san_pham], [id_san_pham], [qr_code], [gia_ban], [so_luong], [trang_thai], [ngay_tao], [ngay_sua], [id_kich_thuoc], [id_mau_sac]) VALUES (89, 24, N'QR0087', CAST(5200000.00 AS Decimal(12, 2)), 12, N'Hoạt động', CAST(N'2025-04-10T00:00:00.000' AS DateTime), CAST(N'2025-04-10T00:00:00.000' AS DateTime), 11, 1)
INSERT [dbo].[chi_tiet_san_pham] ([id_chi_tiet_san_pham], [id_san_pham], [qr_code], [gia_ban], [so_luong], [trang_thai], [ngay_tao], [ngay_sua], [id_kich_thuoc], [id_mau_sac]) VALUES (90, 24, N'QR0088', CAST(5200000.00 AS Decimal(12, 2)), 18, N'Hoạt động', CAST(N'2025-04-10T00:00:00.000' AS DateTime), CAST(N'2025-04-10T00:00:00.000' AS DateTime), 12, 1)
INSERT [dbo].[chi_tiet_san_pham] ([id_chi_tiet_san_pham], [id_san_pham], [qr_code], [gia_ban], [so_luong], [trang_thai], [ngay_tao], [ngay_sua], [id_kich_thuoc], [id_mau_sac]) VALUES (91, 24, N'QR0089', CAST(5200000.00 AS Decimal(12, 2)), 20, N'Hoạt động', CAST(N'2025-04-10T00:00:00.000' AS DateTime), CAST(N'2025-04-10T00:00:00.000' AS DateTime), 13, 1)
INSERT [dbo].[chi_tiet_san_pham] ([id_chi_tiet_san_pham], [id_san_pham], [qr_code], [gia_ban], [so_luong], [trang_thai], [ngay_tao], [ngay_sua], [id_kich_thuoc], [id_mau_sac]) VALUES (92, 24, N'QR0090', CAST(5200000.00 AS Decimal(12, 2)), 15, N'Hoạt động', CAST(N'2025-04-10T00:00:00.000' AS DateTime), CAST(N'2025-04-10T00:00:00.000' AS DateTime), 14, 1)
INSERT [dbo].[chi_tiet_san_pham] ([id_chi_tiet_san_pham], [id_san_pham], [qr_code], [gia_ban], [so_luong], [trang_thai], [ngay_tao], [ngay_sua], [id_kich_thuoc], [id_mau_sac]) VALUES (93, 24, N'QR0091', CAST(5200000.00 AS Decimal(12, 2)), 10, N'Hoạt động', CAST(N'2025-04-10T00:00:00.000' AS DateTime), CAST(N'2025-04-10T00:00:00.000' AS DateTime), 12, 11)
INSERT [dbo].[chi_tiet_san_pham] ([id_chi_tiet_san_pham], [id_san_pham], [qr_code], [gia_ban], [so_luong], [trang_thai], [ngay_tao], [ngay_sua], [id_kich_thuoc], [id_mau_sac]) VALUES (94, 24, N'QR0092', CAST(5200000.00 AS Decimal(12, 2)), 14, N'Hoạt động', CAST(N'2025-04-10T00:00:00.000' AS DateTime), CAST(N'2025-04-10T00:00:00.000' AS DateTime), 13, 13)
INSERT [dbo].[chi_tiet_san_pham] ([id_chi_tiet_san_pham], [id_san_pham], [qr_code], [gia_ban], [so_luong], [trang_thai], [ngay_tao], [ngay_sua], [id_kich_thuoc], [id_mau_sac]) VALUES (95, 29, N'QR0093', CAST(500000.00 AS Decimal(12, 2)), 30, N'Hoạt động', CAST(N'2025-04-10T00:00:00.000' AS DateTime), CAST(N'2025-04-10T00:00:00.000' AS DateTime), 2, 2)
INSERT [dbo].[chi_tiet_san_pham] ([id_chi_tiet_san_pham], [id_san_pham], [qr_code], [gia_ban], [so_luong], [trang_thai], [ngay_tao], [ngay_sua], [id_kich_thuoc], [id_mau_sac]) VALUES (96, 29, N'QR0094', CAST(500000.00 AS Decimal(12, 2)), 40, N'Hoạt động', CAST(N'2025-04-10T00:00:00.000' AS DateTime), CAST(N'2025-04-10T00:00:00.000' AS DateTime), 3, 2)
INSERT [dbo].[chi_tiet_san_pham] ([id_chi_tiet_san_pham], [id_san_pham], [qr_code], [gia_ban], [so_luong], [trang_thai], [ngay_tao], [ngay_sua], [id_kich_thuoc], [id_mau_sac]) VALUES (97, 29, N'QR0095', CAST(500000.00 AS Decimal(12, 2)), 35, N'Hoạt động', CAST(N'2025-04-10T00:00:00.000' AS DateTime), CAST(N'2025-04-10T00:00:00.000' AS DateTime), 4, 2)
INSERT [dbo].[chi_tiet_san_pham] ([id_chi_tiet_san_pham], [id_san_pham], [qr_code], [gia_ban], [so_luong], [trang_thai], [ngay_tao], [ngay_sua], [id_kich_thuoc], [id_mau_sac]) VALUES (98, 29, N'QR0096', CAST(500000.00 AS Decimal(12, 2)), 25, N'Hoạt động', CAST(N'2025-04-10T00:00:00.000' AS DateTime), CAST(N'2025-04-10T00:00:00.000' AS DateTime), 3, 5)
INSERT [dbo].[chi_tiet_san_pham] ([id_chi_tiet_san_pham], [id_san_pham], [qr_code], [gia_ban], [so_luong], [trang_thai], [ngay_tao], [ngay_sua], [id_kich_thuoc], [id_mau_sac]) VALUES (99, 32, N'QR0097', CAST(450000.00 AS Decimal(12, 2)), 40, N'Hoạt động', CAST(N'2025-04-10T00:00:00.000' AS DateTime), CAST(N'2025-04-10T00:00:00.000' AS DateTime), 2, 1)
INSERT [dbo].[chi_tiet_san_pham] ([id_chi_tiet_san_pham], [id_san_pham], [qr_code], [gia_ban], [so_luong], [trang_thai], [ngay_tao], [ngay_sua], [id_kich_thuoc], [id_mau_sac]) VALUES (100, 32, N'QR0098', CAST(450000.00 AS Decimal(12, 2)), 50, N'Hoạt động', CAST(N'2025-04-10T00:00:00.000' AS DateTime), CAST(N'2025-04-10T00:00:00.000' AS DateTime), 3, 1)
INSERT [dbo].[chi_tiet_san_pham] ([id_chi_tiet_san_pham], [id_san_pham], [qr_code], [gia_ban], [so_luong], [trang_thai], [ngay_tao], [ngay_sua], [id_kich_thuoc], [id_mau_sac]) VALUES (101, 32, N'QR0099', CAST(450000.00 AS Decimal(12, 2)), 45, N'Hoạt động', CAST(N'2025-04-10T00:00:00.000' AS DateTime), CAST(N'2025-04-10T00:00:00.000' AS DateTime), 4, 1)
INSERT [dbo].[chi_tiet_san_pham] ([id_chi_tiet_san_pham], [id_san_pham], [qr_code], [gia_ban], [so_luong], [trang_thai], [ngay_tao], [ngay_sua], [id_kich_thuoc], [id_mau_sac]) VALUES (108, 40, N'QR0106', CAST(650000.00 AS Decimal(12, 2)), 60, N'Hoạt động', CAST(N'2025-04-10T00:00:00.000' AS DateTime), CAST(N'2025-04-10T00:00:00.000' AS DateTime), 3, 1)
INSERT [dbo].[chi_tiet_san_pham] ([id_chi_tiet_san_pham], [id_san_pham], [qr_code], [gia_ban], [so_luong], [trang_thai], [ngay_tao], [ngay_sua], [id_kich_thuoc], [id_mau_sac]) VALUES (109, 40, N'QR0107', CAST(650000.00 AS Decimal(12, 2)), 70, N'Hoạt động', CAST(N'2025-04-10T00:00:00.000' AS DateTime), CAST(N'2025-04-10T00:00:00.000' AS DateTime), 4, 1)
INSERT [dbo].[chi_tiet_san_pham] ([id_chi_tiet_san_pham], [id_san_pham], [qr_code], [gia_ban], [so_luong], [trang_thai], [ngay_tao], [ngay_sua], [id_kich_thuoc], [id_mau_sac]) VALUES (110, 40, N'QR0108', CAST(650000.00 AS Decimal(12, 2)), 50, N'Hoạt động', CAST(N'2025-04-10T00:00:00.000' AS DateTime), CAST(N'2025-04-10T00:00:00.000' AS DateTime), 3, 2)
INSERT [dbo].[chi_tiet_san_pham] ([id_chi_tiet_san_pham], [id_san_pham], [qr_code], [gia_ban], [so_luong], [trang_thai], [ngay_tao], [ngay_sua], [id_kich_thuoc], [id_mau_sac]) VALUES (111, 40, N'QR0109', CAST(650000.00 AS Decimal(12, 2)), 45, N'Hoạt động', CAST(N'2025-04-10T00:00:00.000' AS DateTime), CAST(N'2025-04-10T00:00:00.000' AS DateTime), 4, 5)
INSERT [dbo].[chi_tiet_san_pham] ([id_chi_tiet_san_pham], [id_san_pham], [qr_code], [gia_ban], [so_luong], [trang_thai], [ngay_tao], [ngay_sua], [id_kich_thuoc], [id_mau_sac]) VALUES (112, 43, N'QR0110', CAST(720000.00 AS Decimal(12, 2)), 50, N'Hoạt động', CAST(N'2025-04-10T00:00:00.000' AS DateTime), CAST(N'2025-04-10T00:00:00.000' AS DateTime), 2, 1)
INSERT [dbo].[chi_tiet_san_pham] ([id_chi_tiet_san_pham], [id_san_pham], [qr_code], [gia_ban], [so_luong], [trang_thai], [ngay_tao], [ngay_sua], [id_kich_thuoc], [id_mau_sac]) VALUES (113, 43, N'QR0111', CAST(720000.00 AS Decimal(12, 2)), 60, N'Hoạt động', CAST(N'2025-04-10T00:00:00.000' AS DateTime), CAST(N'2025-04-10T00:00:00.000' AS DateTime), 3, 1)
INSERT [dbo].[chi_tiet_san_pham] ([id_chi_tiet_san_pham], [id_san_pham], [qr_code], [gia_ban], [so_luong], [trang_thai], [ngay_tao], [ngay_sua], [id_kich_thuoc], [id_mau_sac]) VALUES (114, 43, N'QR0112', CAST(720000.00 AS Decimal(12, 2)), 55, N'Hoạt động', CAST(N'2025-04-10T00:00:00.000' AS DateTime), CAST(N'2025-04-10T00:00:00.000' AS DateTime), 4, 1)
INSERT [dbo].[chi_tiet_san_pham] ([id_chi_tiet_san_pham], [id_san_pham], [qr_code], [gia_ban], [so_luong], [trang_thai], [ngay_tao], [ngay_sua], [id_kich_thuoc], [id_mau_sac]) VALUES (115, 43, N'QR0113', CAST(720000.00 AS Decimal(12, 2)), 40, N'Hoạt động', CAST(N'2025-04-10T00:00:00.000' AS DateTime), CAST(N'2025-04-10T00:00:00.000' AS DateTime), 3, 3)
INSERT [dbo].[chi_tiet_san_pham] ([id_chi_tiet_san_pham], [id_san_pham], [qr_code], [gia_ban], [so_luong], [trang_thai], [ngay_tao], [ngay_sua], [id_kich_thuoc], [id_mau_sac]) VALUES (132, 62, N'QR0130', CAST(1800000.00 AS Decimal(12, 2)), 20, N'Hoạt động', CAST(N'2025-04-10T00:00:00.000' AS DateTime), CAST(N'2025-04-10T00:00:00.000' AS DateTime), 2, 6)
INSERT [dbo].[chi_tiet_san_pham] ([id_chi_tiet_san_pham], [id_san_pham], [qr_code], [gia_ban], [so_luong], [trang_thai], [ngay_tao], [ngay_sua], [id_kich_thuoc], [id_mau_sac]) VALUES (133, 62, N'QR0131', CAST(1800000.00 AS Decimal(12, 2)), 25, N'Hoạt động', CAST(N'2025-04-10T00:00:00.000' AS DateTime), CAST(N'2025-04-10T00:00:00.000' AS DateTime), 3, 6)
INSERT [dbo].[chi_tiet_san_pham] ([id_chi_tiet_san_pham], [id_san_pham], [qr_code], [gia_ban], [so_luong], [trang_thai], [ngay_tao], [ngay_sua], [id_kich_thuoc], [id_mau_sac]) VALUES (134, 62, N'QR0132', CAST(1800000.00 AS Decimal(12, 2)), 15, N'Hoạt động', CAST(N'2025-04-10T00:00:00.000' AS DateTime), CAST(N'2025-04-10T00:00:00.000' AS DateTime), 3, 1)
INSERT [dbo].[chi_tiet_san_pham] ([id_chi_tiet_san_pham], [id_san_pham], [qr_code], [gia_ban], [so_luong], [trang_thai], [ngay_tao], [ngay_sua], [id_kich_thuoc], [id_mau_sac]) VALUES (139, 70, N'QR0137', CAST(2600000.00 AS Decimal(12, 2)), 25, N'Hoạt động', CAST(N'2025-04-10T00:00:00.000' AS DateTime), CAST(N'2025-04-10T00:00:00.000' AS DateTime), 1, 1)
INSERT [dbo].[chi_tiet_san_pham] ([id_chi_tiet_san_pham], [id_san_pham], [qr_code], [gia_ban], [so_luong], [trang_thai], [ngay_tao], [ngay_sua], [id_kich_thuoc], [id_mau_sac]) VALUES (140, 70, N'QR0138', CAST(2600000.00 AS Decimal(12, 2)), 35, N'Hoạt động', CAST(N'2025-04-10T00:00:00.000' AS DateTime), CAST(N'2025-04-10T00:00:00.000' AS DateTime), 2, 1)
INSERT [dbo].[chi_tiet_san_pham] ([id_chi_tiet_san_pham], [id_san_pham], [qr_code], [gia_ban], [so_luong], [trang_thai], [ngay_tao], [ngay_sua], [id_kich_thuoc], [id_mau_sac]) VALUES (141, 70, N'QR0139', CAST(2600000.00 AS Decimal(12, 2)), 30, N'Hoạt động', CAST(N'2025-04-10T00:00:00.000' AS DateTime), CAST(N'2025-04-10T00:00:00.000' AS DateTime), 3, 1)
INSERT [dbo].[chi_tiet_san_pham] ([id_chi_tiet_san_pham], [id_san_pham], [qr_code], [gia_ban], [so_luong], [trang_thai], [ngay_tao], [ngay_sua], [id_kich_thuoc], [id_mau_sac]) VALUES (142, 70, N'QR0140', CAST(2600000.00 AS Decimal(12, 2)), 20, N'Hoạt động', CAST(N'2025-04-10T00:00:00.000' AS DateTime), CAST(N'2025-04-10T00:00:00.000' AS DateTime), 2, 11)
INSERT [dbo].[chi_tiet_san_pham] ([id_chi_tiet_san_pham], [id_san_pham], [qr_code], [gia_ban], [so_luong], [trang_thai], [ngay_tao], [ngay_sua], [id_kich_thuoc], [id_mau_sac]) VALUES (143, 70, N'QR0141', CAST(2600000.00 AS Decimal(12, 2)), 15, N'Không hoạt động', CAST(N'2025-04-10T00:00:00.000' AS DateTime), CAST(N'2025-04-10T00:00:00.000' AS DateTime), 3, 5)
INSERT [dbo].[chi_tiet_san_pham] ([id_chi_tiet_san_pham], [id_san_pham], [qr_code], [gia_ban], [so_luong], [trang_thai], [ngay_tao], [ngay_sua], [id_kich_thuoc], [id_mau_sac]) VALUES (144, 75, N'QR0142', CAST(480000.00 AS Decimal(12, 2)), 90, N'Hoạt động', CAST(N'2025-04-10T00:00:00.000' AS DateTime), CAST(N'2025-04-10T00:00:00.000' AS DateTime), 3, 1)
GO
INSERT [dbo].[chi_tiet_san_pham] ([id_chi_tiet_san_pham], [id_san_pham], [qr_code], [gia_ban], [so_luong], [trang_thai], [ngay_tao], [ngay_sua], [id_kich_thuoc], [id_mau_sac]) VALUES (145, 75, N'QR0143', CAST(480000.00 AS Decimal(12, 2)), 110, N'Hoạt động', CAST(N'2025-04-10T00:00:00.000' AS DateTime), CAST(N'2025-04-10T00:00:00.000' AS DateTime), 4, 1)
INSERT [dbo].[chi_tiet_san_pham] ([id_chi_tiet_san_pham], [id_san_pham], [qr_code], [gia_ban], [so_luong], [trang_thai], [ngay_tao], [ngay_sua], [id_kich_thuoc], [id_mau_sac]) VALUES (146, 75, N'QR0144', CAST(480000.00 AS Decimal(12, 2)), 80, N'Hoạt động', CAST(N'2025-04-10T00:00:00.000' AS DateTime), CAST(N'2025-04-10T00:00:00.000' AS DateTime), 5, 1)
INSERT [dbo].[chi_tiet_san_pham] ([id_chi_tiet_san_pham], [id_san_pham], [qr_code], [gia_ban], [so_luong], [trang_thai], [ngay_tao], [ngay_sua], [id_kich_thuoc], [id_mau_sac]) VALUES (147, 75, N'QR0145', CAST(480000.00 AS Decimal(12, 2)), 70, N'Hoạt động', CAST(N'2025-04-10T00:00:00.000' AS DateTime), CAST(N'2025-04-10T00:00:00.000' AS DateTime), 3, 2)
INSERT [dbo].[chi_tiet_san_pham] ([id_chi_tiet_san_pham], [id_san_pham], [qr_code], [gia_ban], [so_luong], [trang_thai], [ngay_tao], [ngay_sua], [id_kich_thuoc], [id_mau_sac]) VALUES (148, 75, N'QR0146', CAST(480000.00 AS Decimal(12, 2)), 75, N'Hoạt động', CAST(N'2025-04-10T00:00:00.000' AS DateTime), CAST(N'2025-04-10T00:00:00.000' AS DateTime), 4, 2)
INSERT [dbo].[chi_tiet_san_pham] ([id_chi_tiet_san_pham], [id_san_pham], [qr_code], [gia_ban], [so_luong], [trang_thai], [ngay_tao], [ngay_sua], [id_kich_thuoc], [id_mau_sac]) VALUES (149, 75, N'QR0147', CAST(480000.00 AS Decimal(12, 2)), 60, N'Hoạt động', CAST(N'2025-04-10T00:00:00.000' AS DateTime), CAST(N'2025-04-10T00:00:00.000' AS DateTime), 3, 4)
INSERT [dbo].[chi_tiet_san_pham] ([id_chi_tiet_san_pham], [id_san_pham], [qr_code], [gia_ban], [so_luong], [trang_thai], [ngay_tao], [ngay_sua], [id_kich_thuoc], [id_mau_sac]) VALUES (150, 80, N'QR0148', CAST(520000.00 AS Decimal(12, 2)), 50, N'Hoạt động', CAST(N'2025-04-10T00:00:00.000' AS DateTime), CAST(N'2025-04-10T00:00:00.000' AS DateTime), 3, 1)
INSERT [dbo].[chi_tiet_san_pham] ([id_chi_tiet_san_pham], [id_san_pham], [qr_code], [gia_ban], [so_luong], [trang_thai], [ngay_tao], [ngay_sua], [id_kich_thuoc], [id_mau_sac]) VALUES (151, 80, N'QR0149', CAST(520000.00 AS Decimal(12, 2)), 60, N'Hoạt động', CAST(N'2025-04-10T00:00:00.000' AS DateTime), CAST(N'2025-04-10T00:00:00.000' AS DateTime), 4, 1)
INSERT [dbo].[chi_tiet_san_pham] ([id_chi_tiet_san_pham], [id_san_pham], [qr_code], [gia_ban], [so_luong], [trang_thai], [ngay_tao], [ngay_sua], [id_kich_thuoc], [id_mau_sac]) VALUES (152, 80, N'QR0150', CAST(520000.00 AS Decimal(12, 2)), 40, N'Hoạt động', CAST(N'2025-04-10T00:00:00.000' AS DateTime), CAST(N'2025-04-10T00:00:00.000' AS DateTime), 3, 2)
INSERT [dbo].[chi_tiet_san_pham] ([id_chi_tiet_san_pham], [id_san_pham], [qr_code], [gia_ban], [so_luong], [trang_thai], [ngay_tao], [ngay_sua], [id_kich_thuoc], [id_mau_sac]) VALUES (153, 80, N'QR0151', CAST(520000.00 AS Decimal(12, 2)), 35, N'Hoạt động', CAST(N'2025-04-10T00:00:00.000' AS DateTime), CAST(N'2025-04-10T00:00:00.000' AS DateTime), 4, 3)
INSERT [dbo].[chi_tiet_san_pham] ([id_chi_tiet_san_pham], [id_san_pham], [qr_code], [gia_ban], [so_luong], [trang_thai], [ngay_tao], [ngay_sua], [id_kich_thuoc], [id_mau_sac]) VALUES (154, 84, N'QR0152', CAST(1400000.00 AS Decimal(12, 2)), 30, N'Hoạt động', CAST(N'2025-04-10T00:00:00.000' AS DateTime), CAST(N'2025-04-10T00:00:00.000' AS DateTime), 2, 1)
INSERT [dbo].[chi_tiet_san_pham] ([id_chi_tiet_san_pham], [id_san_pham], [qr_code], [gia_ban], [so_luong], [trang_thai], [ngay_tao], [ngay_sua], [id_kich_thuoc], [id_mau_sac]) VALUES (155, 84, N'QR0153', CAST(1400000.00 AS Decimal(12, 2)), 40, N'Hoạt động', CAST(N'2025-04-10T00:00:00.000' AS DateTime), CAST(N'2025-04-10T00:00:00.000' AS DateTime), 3, 1)
INSERT [dbo].[chi_tiet_san_pham] ([id_chi_tiet_san_pham], [id_san_pham], [qr_code], [gia_ban], [so_luong], [trang_thai], [ngay_tao], [ngay_sua], [id_kich_thuoc], [id_mau_sac]) VALUES (156, 84, N'QR0154', CAST(1400000.00 AS Decimal(12, 2)), 35, N'Hoạt động', CAST(N'2025-04-10T00:00:00.000' AS DateTime), CAST(N'2025-04-10T00:00:00.000' AS DateTime), 4, 1)
INSERT [dbo].[chi_tiet_san_pham] ([id_chi_tiet_san_pham], [id_san_pham], [qr_code], [gia_ban], [so_luong], [trang_thai], [ngay_tao], [ngay_sua], [id_kich_thuoc], [id_mau_sac]) VALUES (157, 84, N'QR0155', CAST(1400000.00 AS Decimal(12, 2)), 25, N'Hoạt động', CAST(N'2025-04-10T00:00:00.000' AS DateTime), CAST(N'2025-04-10T00:00:00.000' AS DateTime), 3, 3)
INSERT [dbo].[chi_tiet_san_pham] ([id_chi_tiet_san_pham], [id_san_pham], [qr_code], [gia_ban], [so_luong], [trang_thai], [ngay_tao], [ngay_sua], [id_kich_thuoc], [id_mau_sac]) VALUES (158, 84, N'QR0156', CAST(1400000.00 AS Decimal(12, 2)), 20, N'Không hoạt động', CAST(N'2025-04-10T00:00:00.000' AS DateTime), CAST(N'2025-04-10T00:00:00.000' AS DateTime), 4, 6)
INSERT [dbo].[chi_tiet_san_pham] ([id_chi_tiet_san_pham], [id_san_pham], [qr_code], [gia_ban], [so_luong], [trang_thai], [ngay_tao], [ngay_sua], [id_kich_thuoc], [id_mau_sac]) VALUES (159, 87, N'QR0157', CAST(680000.00 AS Decimal(12, 2)), 55, N'Hoạt động', CAST(N'2025-04-10T00:00:00.000' AS DateTime), CAST(N'2025-04-10T00:00:00.000' AS DateTime), 3, 1)
INSERT [dbo].[chi_tiet_san_pham] ([id_chi_tiet_san_pham], [id_san_pham], [qr_code], [gia_ban], [so_luong], [trang_thai], [ngay_tao], [ngay_sua], [id_kich_thuoc], [id_mau_sac]) VALUES (160, 87, N'QR0158', CAST(680000.00 AS Decimal(12, 2)), 65, N'Hoạt động', CAST(N'2025-04-10T00:00:00.000' AS DateTime), CAST(N'2025-04-10T00:00:00.000' AS DateTime), 4, 1)
INSERT [dbo].[chi_tiet_san_pham] ([id_chi_tiet_san_pham], [id_san_pham], [qr_code], [gia_ban], [so_luong], [trang_thai], [ngay_tao], [ngay_sua], [id_kich_thuoc], [id_mau_sac]) VALUES (161, 87, N'QR0159', CAST(680000.00 AS Decimal(12, 2)), 45, N'Hoạt động', CAST(N'2025-04-10T00:00:00.000' AS DateTime), CAST(N'2025-04-10T00:00:00.000' AS DateTime), 3, 3)
INSERT [dbo].[chi_tiet_san_pham] ([id_chi_tiet_san_pham], [id_san_pham], [qr_code], [gia_ban], [so_luong], [trang_thai], [ngay_tao], [ngay_sua], [id_kich_thuoc], [id_mau_sac]) VALUES (163, 93, N'QR0161', CAST(950000.00 AS Decimal(12, 2)), 40, N'Hoạt động', CAST(N'2025-04-10T00:00:00.000' AS DateTime), CAST(N'2025-04-10T00:00:00.000' AS DateTime), 2, 1)
INSERT [dbo].[chi_tiet_san_pham] ([id_chi_tiet_san_pham], [id_san_pham], [qr_code], [gia_ban], [so_luong], [trang_thai], [ngay_tao], [ngay_sua], [id_kich_thuoc], [id_mau_sac]) VALUES (164, 93, N'QR0162', CAST(950000.00 AS Decimal(12, 2)), 50, N'Hoạt động', CAST(N'2025-04-10T00:00:00.000' AS DateTime), CAST(N'2025-04-10T00:00:00.000' AS DateTime), 3, 1)
INSERT [dbo].[chi_tiet_san_pham] ([id_chi_tiet_san_pham], [id_san_pham], [qr_code], [gia_ban], [so_luong], [trang_thai], [ngay_tao], [ngay_sua], [id_kich_thuoc], [id_mau_sac]) VALUES (165, 93, N'QR0163', CAST(950000.00 AS Decimal(12, 2)), 45, N'Hoạt động', CAST(N'2025-04-10T00:00:00.000' AS DateTime), CAST(N'2025-04-10T00:00:00.000' AS DateTime), 4, 1)
INSERT [dbo].[chi_tiet_san_pham] ([id_chi_tiet_san_pham], [id_san_pham], [qr_code], [gia_ban], [so_luong], [trang_thai], [ngay_tao], [ngay_sua], [id_kich_thuoc], [id_mau_sac]) VALUES (166, 93, N'QR0164', CAST(950000.00 AS Decimal(12, 2)), 30, N'Hoạt động', CAST(N'2025-04-10T00:00:00.000' AS DateTime), CAST(N'2025-04-10T00:00:00.000' AS DateTime), 3, 2)
INSERT [dbo].[chi_tiet_san_pham] ([id_chi_tiet_san_pham], [id_san_pham], [qr_code], [gia_ban], [so_luong], [trang_thai], [ngay_tao], [ngay_sua], [id_kich_thuoc], [id_mau_sac]) VALUES (167, 96, N'QR0165', CAST(750000.00 AS Decimal(12, 2)), 35, N'Hoạt động', CAST(N'2025-04-10T00:00:00.000' AS DateTime), CAST(N'2025-04-10T00:00:00.000' AS DateTime), 3, 1)
INSERT [dbo].[chi_tiet_san_pham] ([id_chi_tiet_san_pham], [id_san_pham], [qr_code], [gia_ban], [so_luong], [trang_thai], [ngay_tao], [ngay_sua], [id_kich_thuoc], [id_mau_sac]) VALUES (168, 96, N'QR0166', CAST(750000.00 AS Decimal(12, 2)), 40, N'Hoạt động', CAST(N'2025-04-10T00:00:00.000' AS DateTime), CAST(N'2025-04-10T00:00:00.000' AS DateTime), 4, 1)
INSERT [dbo].[chi_tiet_san_pham] ([id_chi_tiet_san_pham], [id_san_pham], [qr_code], [gia_ban], [so_luong], [trang_thai], [ngay_tao], [ngay_sua], [id_kich_thuoc], [id_mau_sac]) VALUES (169, 96, N'QR0167', CAST(750000.00 AS Decimal(12, 2)), 25, N'Hoạt động', CAST(N'2025-04-10T00:00:00.000' AS DateTime), CAST(N'2025-04-10T00:00:00.000' AS DateTime), 3, 5)
INSERT [dbo].[chi_tiet_san_pham] ([id_chi_tiet_san_pham], [id_san_pham], [qr_code], [gia_ban], [so_luong], [trang_thai], [ngay_tao], [ngay_sua], [id_kich_thuoc], [id_mau_sac]) VALUES (170, 99, N'QR0168', CAST(900000.00 AS Decimal(12, 2)), 40, N'Hoạt động', CAST(N'2025-04-10T00:00:00.000' AS DateTime), CAST(N'2025-04-10T00:00:00.000' AS DateTime), 2, 1)
INSERT [dbo].[chi_tiet_san_pham] ([id_chi_tiet_san_pham], [id_san_pham], [qr_code], [gia_ban], [so_luong], [trang_thai], [ngay_tao], [ngay_sua], [id_kich_thuoc], [id_mau_sac]) VALUES (171, 99, N'QR0169', CAST(900000.00 AS Decimal(12, 2)), 50, N'Hoạt động', CAST(N'2025-04-10T00:00:00.000' AS DateTime), CAST(N'2025-04-10T00:00:00.000' AS DateTime), 3, 1)
INSERT [dbo].[chi_tiet_san_pham] ([id_chi_tiet_san_pham], [id_san_pham], [qr_code], [gia_ban], [so_luong], [trang_thai], [ngay_tao], [ngay_sua], [id_kich_thuoc], [id_mau_sac]) VALUES (172, 99, N'QR0170', CAST(900000.00 AS Decimal(12, 2)), 45, N'Hoạt động', CAST(N'2025-04-10T00:00:00.000' AS DateTime), CAST(N'2025-04-10T00:00:00.000' AS DateTime), 4, 1)
INSERT [dbo].[chi_tiet_san_pham] ([id_chi_tiet_san_pham], [id_san_pham], [qr_code], [gia_ban], [so_luong], [trang_thai], [ngay_tao], [ngay_sua], [id_kich_thuoc], [id_mau_sac]) VALUES (173, 99, N'QR0171', CAST(900000.00 AS Decimal(12, 2)), 30, N'Không hoạt động', CAST(N'2025-04-10T00:00:00.000' AS DateTime), CAST(N'2025-04-10T00:00:00.000' AS DateTime), 3, 10)
INSERT [dbo].[chi_tiet_san_pham] ([id_chi_tiet_san_pham], [id_san_pham], [qr_code], [gia_ban], [so_luong], [trang_thai], [ngay_tao], [ngay_sua], [id_kich_thuoc], [id_mau_sac]) VALUES (174, 105, N'QR0172', CAST(2900000.00 AS Decimal(12, 2)), 15, N'Hoạt động', CAST(N'2025-04-10T00:00:00.000' AS DateTime), CAST(N'2025-04-10T00:00:00.000' AS DateTime), 2, 6)
INSERT [dbo].[chi_tiet_san_pham] ([id_chi_tiet_san_pham], [id_san_pham], [qr_code], [gia_ban], [so_luong], [trang_thai], [ngay_tao], [ngay_sua], [id_kich_thuoc], [id_mau_sac]) VALUES (175, 105, N'QR0173', CAST(2900000.00 AS Decimal(12, 2)), 25, N'Hoạt động', CAST(N'2025-04-10T00:00:00.000' AS DateTime), CAST(N'2025-04-10T00:00:00.000' AS DateTime), 3, 6)
INSERT [dbo].[chi_tiet_san_pham] ([id_chi_tiet_san_pham], [id_san_pham], [qr_code], [gia_ban], [so_luong], [trang_thai], [ngay_tao], [ngay_sua], [id_kich_thuoc], [id_mau_sac]) VALUES (176, 105, N'QR0174', CAST(2900000.00 AS Decimal(12, 2)), 20, N'Hoạt động', CAST(N'2025-04-10T00:00:00.000' AS DateTime), CAST(N'2025-04-10T00:00:00.000' AS DateTime), 4, 6)
INSERT [dbo].[chi_tiet_san_pham] ([id_chi_tiet_san_pham], [id_san_pham], [qr_code], [gia_ban], [so_luong], [trang_thai], [ngay_tao], [ngay_sua], [id_kich_thuoc], [id_mau_sac]) VALUES (177, 111, N'QR0175', CAST(1800000.00 AS Decimal(12, 2)), 18, N'Hoạt động', CAST(N'2025-04-10T00:00:00.000' AS DateTime), CAST(N'2025-04-10T00:00:00.000' AS DateTime), 3, 14)
INSERT [dbo].[chi_tiet_san_pham] ([id_chi_tiet_san_pham], [id_san_pham], [qr_code], [gia_ban], [so_luong], [trang_thai], [ngay_tao], [ngay_sua], [id_kich_thuoc], [id_mau_sac]) VALUES (178, 111, N'QR0176', CAST(1800000.00 AS Decimal(12, 2)), 22, N'Hoạt động', CAST(N'2025-04-10T00:00:00.000' AS DateTime), CAST(N'2025-04-10T00:00:00.000' AS DateTime), 4, 14)
INSERT [dbo].[chi_tiet_san_pham] ([id_chi_tiet_san_pham], [id_san_pham], [qr_code], [gia_ban], [so_luong], [trang_thai], [ngay_tao], [ngay_sua], [id_kich_thuoc], [id_mau_sac]) VALUES (179, 111, N'QR0177', CAST(1800000.00 AS Decimal(12, 2)), 15, N'Hoạt động', CAST(N'2025-04-10T00:00:00.000' AS DateTime), CAST(N'2025-04-10T00:00:00.000' AS DateTime), 3, 8)
INSERT [dbo].[chi_tiet_san_pham] ([id_chi_tiet_san_pham], [id_san_pham], [qr_code], [gia_ban], [so_luong], [trang_thai], [ngay_tao], [ngay_sua], [id_kich_thuoc], [id_mau_sac]) VALUES (180, 116, N'QR0178', CAST(650000.00 AS Decimal(12, 2)), 45, N'Hoạt động', CAST(N'2025-04-10T00:00:00.000' AS DateTime), CAST(N'2025-04-10T00:00:00.000' AS DateTime), 1, 1)
INSERT [dbo].[chi_tiet_san_pham] ([id_chi_tiet_san_pham], [id_san_pham], [qr_code], [gia_ban], [so_luong], [trang_thai], [ngay_tao], [ngay_sua], [id_kich_thuoc], [id_mau_sac]) VALUES (181, 116, N'QR0179', CAST(650000.00 AS Decimal(12, 2)), 55, N'Hoạt động', CAST(N'2025-04-10T00:00:00.000' AS DateTime), CAST(N'2025-04-10T00:00:00.000' AS DateTime), 2, 1)
INSERT [dbo].[chi_tiet_san_pham] ([id_chi_tiet_san_pham], [id_san_pham], [qr_code], [gia_ban], [so_luong], [trang_thai], [ngay_tao], [ngay_sua], [id_kich_thuoc], [id_mau_sac]) VALUES (182, 116, N'QR0180', CAST(650000.00 AS Decimal(12, 2)), 50, N'Hoạt động', CAST(N'2025-04-10T00:00:00.000' AS DateTime), CAST(N'2025-04-10T00:00:00.000' AS DateTime), 3, 1)
INSERT [dbo].[chi_tiet_san_pham] ([id_chi_tiet_san_pham], [id_san_pham], [qr_code], [gia_ban], [so_luong], [trang_thai], [ngay_tao], [ngay_sua], [id_kich_thuoc], [id_mau_sac]) VALUES (183, 116, N'QR0181', CAST(650000.00 AS Decimal(12, 2)), 40, N'Hoạt động', CAST(N'2025-04-10T00:00:00.000' AS DateTime), CAST(N'2025-04-10T00:00:00.000' AS DateTime), 2, 2)
INSERT [dbo].[chi_tiet_san_pham] ([id_chi_tiet_san_pham], [id_san_pham], [qr_code], [gia_ban], [so_luong], [trang_thai], [ngay_tao], [ngay_sua], [id_kich_thuoc], [id_mau_sac]) VALUES (184, 116, N'QR0182', CAST(650000.00 AS Decimal(12, 2)), 30, N'Không hoạt động', CAST(N'2025-04-10T00:00:00.000' AS DateTime), CAST(N'2025-04-10T00:00:00.000' AS DateTime), 3, 9)
INSERT [dbo].[chi_tiet_san_pham] ([id_chi_tiet_san_pham], [id_san_pham], [qr_code], [gia_ban], [so_luong], [trang_thai], [ngay_tao], [ngay_sua], [id_kich_thuoc], [id_mau_sac]) VALUES (185, 120, N'QR0183', CAST(1600000.00 AS Decimal(12, 2)), 28, N'Hoạt động', CAST(N'2025-04-10T00:00:00.000' AS DateTime), CAST(N'2025-04-10T00:00:00.000' AS DateTime), 1, 1)
INSERT [dbo].[chi_tiet_san_pham] ([id_chi_tiet_san_pham], [id_san_pham], [qr_code], [gia_ban], [so_luong], [trang_thai], [ngay_tao], [ngay_sua], [id_kich_thuoc], [id_mau_sac]) VALUES (186, 120, N'QR0184', CAST(1600000.00 AS Decimal(12, 2)), 38, N'Hoạt động', CAST(N'2025-04-10T00:00:00.000' AS DateTime), CAST(N'2025-04-10T00:00:00.000' AS DateTime), 2, 1)
INSERT [dbo].[chi_tiet_san_pham] ([id_chi_tiet_san_pham], [id_san_pham], [qr_code], [gia_ban], [so_luong], [trang_thai], [ngay_tao], [ngay_sua], [id_kich_thuoc], [id_mau_sac]) VALUES (187, 120, N'QR0185', CAST(1600000.00 AS Decimal(12, 2)), 32, N'Hoạt động', CAST(N'2025-04-10T00:00:00.000' AS DateTime), CAST(N'2025-04-10T00:00:00.000' AS DateTime), 3, 1)
INSERT [dbo].[chi_tiet_san_pham] ([id_chi_tiet_san_pham], [id_san_pham], [qr_code], [gia_ban], [so_luong], [trang_thai], [ngay_tao], [ngay_sua], [id_kich_thuoc], [id_mau_sac]) VALUES (188, 120, N'QR0186', CAST(1600000.00 AS Decimal(12, 2)), 22, N'Hoạt động', CAST(N'2025-04-10T00:00:00.000' AS DateTime), CAST(N'2025-04-10T00:00:00.000' AS DateTime), 2, 12)
INSERT [dbo].[chi_tiet_san_pham] ([id_chi_tiet_san_pham], [id_san_pham], [qr_code], [gia_ban], [so_luong], [trang_thai], [ngay_tao], [ngay_sua], [id_kich_thuoc], [id_mau_sac]) VALUES (189, 120, N'QR0187', CAST(1600000.00 AS Decimal(12, 2)), 18, N'Hoạt động', CAST(N'2025-04-10T00:00:00.000' AS DateTime), CAST(N'2025-04-10T00:00:00.000' AS DateTime), 3, 10)
INSERT [dbo].[chi_tiet_san_pham] ([id_chi_tiet_san_pham], [id_san_pham], [qr_code], [gia_ban], [so_luong], [trang_thai], [ngay_tao], [ngay_sua], [id_kich_thuoc], [id_mau_sac]) VALUES (190, 123, N'QR0188', CAST(550000.00 AS Decimal(12, 2)), 70, N'Hoạt động', CAST(N'2025-04-10T00:00:00.000' AS DateTime), CAST(N'2025-04-10T00:00:00.000' AS DateTime), 1, 1)
INSERT [dbo].[chi_tiet_san_pham] ([id_chi_tiet_san_pham], [id_san_pham], [qr_code], [gia_ban], [so_luong], [trang_thai], [ngay_tao], [ngay_sua], [id_kich_thuoc], [id_mau_sac]) VALUES (191, 123, N'QR0189', CAST(550000.00 AS Decimal(12, 2)), 80, N'Hoạt động', CAST(N'2025-04-10T00:00:00.000' AS DateTime), CAST(N'2025-04-10T00:00:00.000' AS DateTime), 2, 1)
INSERT [dbo].[chi_tiet_san_pham] ([id_chi_tiet_san_pham], [id_san_pham], [qr_code], [gia_ban], [so_luong], [trang_thai], [ngay_tao], [ngay_sua], [id_kich_thuoc], [id_mau_sac]) VALUES (192, 123, N'QR0190', CAST(550000.00 AS Decimal(12, 2)), 75, N'Hoạt động', CAST(N'2025-04-10T00:00:00.000' AS DateTime), CAST(N'2025-04-10T00:00:00.000' AS DateTime), 3, 1)
INSERT [dbo].[chi_tiet_san_pham] ([id_chi_tiet_san_pham], [id_san_pham], [qr_code], [gia_ban], [so_luong], [trang_thai], [ngay_tao], [ngay_sua], [id_kich_thuoc], [id_mau_sac]) VALUES (193, 123, N'QR0191', CAST(550000.00 AS Decimal(12, 2)), 50, N'Hoạt động', CAST(N'2025-04-10T00:00:00.000' AS DateTime), CAST(N'2025-04-10T00:00:00.000' AS DateTime), 2, 9)
INSERT [dbo].[chi_tiet_san_pham] ([id_chi_tiet_san_pham], [id_san_pham], [qr_code], [gia_ban], [so_luong], [trang_thai], [ngay_tao], [ngay_sua], [id_kich_thuoc], [id_mau_sac]) VALUES (194, 123, N'QR0192', CAST(550000.00 AS Decimal(12, 2)), 60, N'Hoạt động', CAST(N'2025-04-10T00:00:00.000' AS DateTime), CAST(N'2025-04-10T00:00:00.000' AS DateTime), 3, 4)
INSERT [dbo].[chi_tiet_san_pham] ([id_chi_tiet_san_pham], [id_san_pham], [qr_code], [gia_ban], [so_luong], [trang_thai], [ngay_tao], [ngay_sua], [id_kich_thuoc], [id_mau_sac]) VALUES (195, 123, N'QR0193', CAST(550000.00 AS Decimal(12, 2)), 40, N'Không hoạt động', CAST(N'2025-04-10T00:00:00.000' AS DateTime), CAST(N'2025-04-10T00:00:00.000' AS DateTime), 1, 8)
INSERT [dbo].[chi_tiet_san_pham] ([id_chi_tiet_san_pham], [id_san_pham], [qr_code], [gia_ban], [so_luong], [trang_thai], [ngay_tao], [ngay_sua], [id_kich_thuoc], [id_mau_sac]) VALUES (196, 129, N'QR0194', CAST(1500000.00 AS Decimal(12, 2)), 35, N'Hoạt động', CAST(N'2025-04-10T00:00:00.000' AS DateTime), CAST(N'2025-04-10T00:00:00.000' AS DateTime), 1, 1)
INSERT [dbo].[chi_tiet_san_pham] ([id_chi_tiet_san_pham], [id_san_pham], [qr_code], [gia_ban], [so_luong], [trang_thai], [ngay_tao], [ngay_sua], [id_kich_thuoc], [id_mau_sac]) VALUES (197, 129, N'QR0195', CAST(1500000.00 AS Decimal(12, 2)), 45, N'Hoạt động', CAST(N'2025-04-10T00:00:00.000' AS DateTime), CAST(N'2025-04-10T00:00:00.000' AS DateTime), 2, 1)
INSERT [dbo].[chi_tiet_san_pham] ([id_chi_tiet_san_pham], [id_san_pham], [qr_code], [gia_ban], [so_luong], [trang_thai], [ngay_tao], [ngay_sua], [id_kich_thuoc], [id_mau_sac]) VALUES (198, 129, N'QR0196', CAST(1500000.00 AS Decimal(12, 2)), 40, N'Hoạt động', CAST(N'2025-04-10T00:00:00.000' AS DateTime), CAST(N'2025-04-10T00:00:00.000' AS DateTime), 3, 1)
INSERT [dbo].[chi_tiet_san_pham] ([id_chi_tiet_san_pham], [id_san_pham], [qr_code], [gia_ban], [so_luong], [trang_thai], [ngay_tao], [ngay_sua], [id_kich_thuoc], [id_mau_sac]) VALUES (199, 129, N'QR0197', CAST(1500000.00 AS Decimal(12, 2)), 25, N'Hoạt động', CAST(N'2025-04-10T00:00:00.000' AS DateTime), CAST(N'2025-04-10T00:00:00.000' AS DateTime), 2, 3)
INSERT [dbo].[chi_tiet_san_pham] ([id_chi_tiet_san_pham], [id_san_pham], [qr_code], [gia_ban], [so_luong], [trang_thai], [ngay_tao], [ngay_sua], [id_kich_thuoc], [id_mau_sac]) VALUES (200, 129, N'QR0198', CAST(1500000.00 AS Decimal(12, 2)), 20, N'Hoạt động', CAST(N'2025-04-10T00:00:00.000' AS DateTime), CAST(N'2025-04-10T00:00:00.000' AS DateTime), 3, 12)
INSERT [dbo].[chi_tiet_san_pham] ([id_chi_tiet_san_pham], [id_san_pham], [qr_code], [gia_ban], [so_luong], [trang_thai], [ngay_tao], [ngay_sua], [id_kich_thuoc], [id_mau_sac]) VALUES (206, 141, N'QR0204', CAST(950000.00 AS Decimal(12, 2)), 30, N'Hoạt động', CAST(N'2025-04-10T00:00:00.000' AS DateTime), CAST(N'2025-04-10T00:00:00.000' AS DateTime), 1, 2)
INSERT [dbo].[chi_tiet_san_pham] ([id_chi_tiet_san_pham], [id_san_pham], [qr_code], [gia_ban], [so_luong], [trang_thai], [ngay_tao], [ngay_sua], [id_kich_thuoc], [id_mau_sac]) VALUES (207, 141, N'QR0205', CAST(950000.00 AS Decimal(12, 2)), 40, N'Hoạt động', CAST(N'2025-04-10T00:00:00.000' AS DateTime), CAST(N'2025-04-10T00:00:00.000' AS DateTime), 2, 2)
INSERT [dbo].[chi_tiet_san_pham] ([id_chi_tiet_san_pham], [id_san_pham], [qr_code], [gia_ban], [so_luong], [trang_thai], [ngay_tao], [ngay_sua], [id_kich_thuoc], [id_mau_sac]) VALUES (208, 141, N'QR0206', CAST(950000.00 AS Decimal(12, 2)), 35, N'Hoạt động', CAST(N'2025-04-10T00:00:00.000' AS DateTime), CAST(N'2025-04-10T00:00:00.000' AS DateTime), 3, 2)
INSERT [dbo].[chi_tiet_san_pham] ([id_chi_tiet_san_pham], [id_san_pham], [qr_code], [gia_ban], [so_luong], [trang_thai], [ngay_tao], [ngay_sua], [id_kich_thuoc], [id_mau_sac]) VALUES (209, 141, N'QR0207', CAST(950000.00 AS Decimal(12, 2)), 25, N'Hoạt động', CAST(N'2025-04-10T00:00:00.000' AS DateTime), CAST(N'2025-04-10T00:00:00.000' AS DateTime), 2, 1)
INSERT [dbo].[chi_tiet_san_pham] ([id_chi_tiet_san_pham], [id_san_pham], [qr_code], [gia_ban], [so_luong], [trang_thai], [ngay_tao], [ngay_sua], [id_kich_thuoc], [id_mau_sac]) VALUES (253, 3, N'QR0251', CAST(500000.00 AS Decimal(12, 2)), 40, N'Hoạt động', CAST(N'2025-04-10T00:00:00.000' AS DateTime), CAST(N'2025-04-10T00:00:00.000' AS DateTime), 2, 6)
INSERT [dbo].[chi_tiet_san_pham] ([id_chi_tiet_san_pham], [id_san_pham], [qr_code], [gia_ban], [so_luong], [trang_thai], [ngay_tao], [ngay_sua], [id_kich_thuoc], [id_mau_sac]) VALUES (254, 3, N'QR0252', CAST(500000.00 AS Decimal(12, 2)), 50, N'Hoạt động', CAST(N'2025-04-10T00:00:00.000' AS DateTime), CAST(N'2025-04-10T00:00:00.000' AS DateTime), 3, 6)
INSERT [dbo].[chi_tiet_san_pham] ([id_chi_tiet_san_pham], [id_san_pham], [qr_code], [gia_ban], [so_luong], [trang_thai], [ngay_tao], [ngay_sua], [id_kich_thuoc], [id_mau_sac]) VALUES (255, 3, N'QR0253', CAST(500000.00 AS Decimal(12, 2)), 45, N'Hoạt động', CAST(N'2025-04-10T00:00:00.000' AS DateTime), CAST(N'2025-04-10T00:00:00.000' AS DateTime), 4, 6)
INSERT [dbo].[chi_tiet_san_pham] ([id_chi_tiet_san_pham], [id_san_pham], [qr_code], [gia_ban], [so_luong], [trang_thai], [ngay_tao], [ngay_sua], [id_kich_thuoc], [id_mau_sac]) VALUES (256, 3, N'QR0254', CAST(500000.00 AS Decimal(12, 2)), 35, N'Hoạt động', CAST(N'2025-04-10T00:00:00.000' AS DateTime), CAST(N'2025-04-10T00:00:00.000' AS DateTime), 3, 5)
INSERT [dbo].[chi_tiet_san_pham] ([id_chi_tiet_san_pham], [id_san_pham], [qr_code], [gia_ban], [so_luong], [trang_thai], [ngay_tao], [ngay_sua], [id_kich_thuoc], [id_mau_sac]) VALUES (257, 7, N'QR0255', CAST(420000.00 AS Decimal(12, 2)), 60, N'Hoạt động', CAST(N'2025-04-10T00:00:00.000' AS DateTime), CAST(N'2025-04-10T00:00:00.000' AS DateTime), 2, 1)
INSERT [dbo].[chi_tiet_san_pham] ([id_chi_tiet_san_pham], [id_san_pham], [qr_code], [gia_ban], [so_luong], [trang_thai], [ngay_tao], [ngay_sua], [id_kich_thuoc], [id_mau_sac]) VALUES (258, 7, N'QR0256', CAST(420000.00 AS Decimal(12, 2)), 70, N'Hoạt động', CAST(N'2025-04-10T00:00:00.000' AS DateTime), CAST(N'2025-04-10T00:00:00.000' AS DateTime), 3, 1)
INSERT [dbo].[chi_tiet_san_pham] ([id_chi_tiet_san_pham], [id_san_pham], [qr_code], [gia_ban], [so_luong], [trang_thai], [ngay_tao], [ngay_sua], [id_kich_thuoc], [id_mau_sac]) VALUES (259, 7, N'QR0257', CAST(420000.00 AS Decimal(12, 2)), 65, N'Hoạt động', CAST(N'2025-04-10T00:00:00.000' AS DateTime), CAST(N'2025-04-10T00:00:00.000' AS DateTime), 4, 1)
INSERT [dbo].[chi_tiet_san_pham] ([id_chi_tiet_san_pham], [id_san_pham], [qr_code], [gia_ban], [so_luong], [trang_thai], [ngay_tao], [ngay_sua], [id_kich_thuoc], [id_mau_sac]) VALUES (260, 7, N'QR0258', CAST(420000.00 AS Decimal(12, 2)), 50, N'Hoạt động', CAST(N'2025-04-10T00:00:00.000' AS DateTime), CAST(N'2025-04-10T00:00:00.000' AS DateTime), 3, 2)
INSERT [dbo].[chi_tiet_san_pham] ([id_chi_tiet_san_pham], [id_san_pham], [qr_code], [gia_ban], [so_luong], [trang_thai], [ngay_tao], [ngay_sua], [id_kich_thuoc], [id_mau_sac]) VALUES (261, 10, N'QR0259', CAST(250000.00 AS Decimal(12, 2)), 80, N'Hoạt động', CAST(N'2025-04-10T00:00:00.000' AS DateTime), CAST(N'2025-04-10T00:00:00.000' AS DateTime), 18, 1)
INSERT [dbo].[chi_tiet_san_pham] ([id_chi_tiet_san_pham], [id_san_pham], [qr_code], [gia_ban], [so_luong], [trang_thai], [ngay_tao], [ngay_sua], [id_kich_thuoc], [id_mau_sac]) VALUES (262, 10, N'QR0260', CAST(250000.00 AS Decimal(12, 2)), 90, N'Hoạt động', CAST(N'2025-04-10T00:00:00.000' AS DateTime), CAST(N'2025-04-10T00:00:00.000' AS DateTime), 19, 1)
INSERT [dbo].[chi_tiet_san_pham] ([id_chi_tiet_san_pham], [id_san_pham], [qr_code], [gia_ban], [so_luong], [trang_thai], [ngay_tao], [ngay_sua], [id_kich_thuoc], [id_mau_sac]) VALUES (263, 10, N'QR0261', CAST(250000.00 AS Decimal(12, 2)), 70, N'Hoạt động', CAST(N'2025-04-10T00:00:00.000' AS DateTime), CAST(N'2025-04-10T00:00:00.000' AS DateTime), 18, 2)
INSERT [dbo].[chi_tiet_san_pham] ([id_chi_tiet_san_pham], [id_san_pham], [qr_code], [gia_ban], [so_luong], [trang_thai], [ngay_tao], [ngay_sua], [id_kich_thuoc], [id_mau_sac]) VALUES (264, 10, N'QR0262', CAST(250000.00 AS Decimal(12, 2)), 75, N'Hoạt động', CAST(N'2025-04-10T00:00:00.000' AS DateTime), CAST(N'2025-04-10T00:00:00.000' AS DateTime), 19, 2)
INSERT [dbo].[chi_tiet_san_pham] ([id_chi_tiet_san_pham], [id_san_pham], [qr_code], [gia_ban], [so_luong], [trang_thai], [ngay_tao], [ngay_sua], [id_kich_thuoc], [id_mau_sac]) VALUES (265, 15, N'QR0263', CAST(5500000.00 AS Decimal(12, 2)), 16, N'Hoạt động', CAST(N'2025-04-10T00:00:00.000' AS DateTime), CAST(N'2025-04-10T00:00:00.000' AS DateTime), 10, 8)
INSERT [dbo].[chi_tiet_san_pham] ([id_chi_tiet_san_pham], [id_san_pham], [qr_code], [gia_ban], [so_luong], [trang_thai], [ngay_tao], [ngay_sua], [id_kich_thuoc], [id_mau_sac]) VALUES (266, 15, N'QR0264', CAST(5500000.00 AS Decimal(12, 2)), 20, N'Hoạt động', CAST(N'2025-04-10T00:00:00.000' AS DateTime), CAST(N'2025-04-10T00:00:00.000' AS DateTime), 11, 8)
INSERT [dbo].[chi_tiet_san_pham] ([id_chi_tiet_san_pham], [id_san_pham], [qr_code], [gia_ban], [so_luong], [trang_thai], [ngay_tao], [ngay_sua], [id_kich_thuoc], [id_mau_sac]) VALUES (267, 15, N'QR0265', CAST(5500000.00 AS Decimal(12, 2)), 24, N'Hoạt động', CAST(N'2025-04-10T00:00:00.000' AS DateTime), CAST(N'2025-04-10T00:00:00.000' AS DateTime), 12, 8)
INSERT [dbo].[chi_tiet_san_pham] ([id_chi_tiet_san_pham], [id_san_pham], [qr_code], [gia_ban], [so_luong], [trang_thai], [ngay_tao], [ngay_sua], [id_kich_thuoc], [id_mau_sac]) VALUES (268, 15, N'QR0266', CAST(5500000.00 AS Decimal(12, 2)), 18, N'Hoạt động', CAST(N'2025-04-10T00:00:00.000' AS DateTime), CAST(N'2025-04-10T00:00:00.000' AS DateTime), 13, 8)
INSERT [dbo].[chi_tiet_san_pham] ([id_chi_tiet_san_pham], [id_san_pham], [qr_code], [gia_ban], [so_luong], [trang_thai], [ngay_tao], [ngay_sua], [id_kich_thuoc], [id_mau_sac]) VALUES (269, 15, N'QR0267', CAST(5500000.00 AS Decimal(12, 2)), 12, N'Hoạt động', CAST(N'2025-04-10T00:00:00.000' AS DateTime), CAST(N'2025-04-10T00:00:00.000' AS DateTime), 11, 14)
INSERT [dbo].[chi_tiet_san_pham] ([id_chi_tiet_san_pham], [id_san_pham], [qr_code], [gia_ban], [so_luong], [trang_thai], [ngay_tao], [ngay_sua], [id_kich_thuoc], [id_mau_sac]) VALUES (280, 30, N'QR0278', CAST(480000.00 AS Decimal(12, 2)), 33, N'Hoạt động', CAST(N'2025-04-10T00:00:00.000' AS DateTime), CAST(N'2025-04-10T00:00:00.000' AS DateTime), 2, 5)
INSERT [dbo].[chi_tiet_san_pham] ([id_chi_tiet_san_pham], [id_san_pham], [qr_code], [gia_ban], [so_luong], [trang_thai], [ngay_tao], [ngay_sua], [id_kich_thuoc], [id_mau_sac]) VALUES (281, 30, N'QR0279', CAST(480000.00 AS Decimal(12, 2)), 42, N'Hoạt động', CAST(N'2025-04-10T00:00:00.000' AS DateTime), CAST(N'2025-04-10T00:00:00.000' AS DateTime), 3, 5)
INSERT [dbo].[chi_tiet_san_pham] ([id_chi_tiet_san_pham], [id_san_pham], [qr_code], [gia_ban], [so_luong], [trang_thai], [ngay_tao], [ngay_sua], [id_kich_thuoc], [id_mau_sac]) VALUES (282, 30, N'QR0280', CAST(480000.00 AS Decimal(12, 2)), 38, N'Hoạt động', CAST(N'2025-04-10T00:00:00.000' AS DateTime), CAST(N'2025-04-10T00:00:00.000' AS DateTime), 4, 5)
INSERT [dbo].[chi_tiet_san_pham] ([id_chi_tiet_san_pham], [id_san_pham], [qr_code], [gia_ban], [so_luong], [trang_thai], [ngay_tao], [ngay_sua], [id_kich_thuoc], [id_mau_sac]) VALUES (283, 30, N'QR0281', CAST(480000.00 AS Decimal(12, 2)), 28, N'Hoạt động', CAST(N'2025-04-10T00:00:00.000' AS DateTime), CAST(N'2025-04-10T00:00:00.000' AS DateTime), 3, 1)
INSERT [dbo].[chi_tiet_san_pham] ([id_chi_tiet_san_pham], [id_san_pham], [qr_code], [gia_ban], [so_luong], [trang_thai], [ngay_tao], [ngay_sua], [id_kich_thuoc], [id_mau_sac]) VALUES (289, 41, N'QR0287', CAST(800000.00 AS Decimal(12, 2)), 25, N'Hoạt động', CAST(N'2025-04-10T00:00:00.000' AS DateTime), CAST(N'2025-04-10T00:00:00.000' AS DateTime), 2, 5)
INSERT [dbo].[chi_tiet_san_pham] ([id_chi_tiet_san_pham], [id_san_pham], [qr_code], [gia_ban], [so_luong], [trang_thai], [ngay_tao], [ngay_sua], [id_kich_thuoc], [id_mau_sac]) VALUES (290, 41, N'QR0288', CAST(800000.00 AS Decimal(12, 2)), 30, N'Hoạt động', CAST(N'2025-04-10T00:00:00.000' AS DateTime), CAST(N'2025-04-10T00:00:00.000' AS DateTime), 3, 5)
INSERT [dbo].[chi_tiet_san_pham] ([id_chi_tiet_san_pham], [id_san_pham], [qr_code], [gia_ban], [so_luong], [trang_thai], [ngay_tao], [ngay_sua], [id_kich_thuoc], [id_mau_sac]) VALUES (291, 41, N'QR0289', CAST(800000.00 AS Decimal(12, 2)), 28, N'Hoạt động', CAST(N'2025-04-10T00:00:00.000' AS DateTime), CAST(N'2025-04-10T00:00:00.000' AS DateTime), 4, 5)
INSERT [dbo].[chi_tiet_san_pham] ([id_chi_tiet_san_pham], [id_san_pham], [qr_code], [gia_ban], [so_luong], [trang_thai], [ngay_tao], [ngay_sua], [id_kich_thuoc], [id_mau_sac]) VALUES (292, 41, N'QR0290', CAST(800000.00 AS Decimal(12, 2)), 20, N'Hoạt động', CAST(N'2025-04-10T00:00:00.000' AS DateTime), CAST(N'2025-04-10T00:00:00.000' AS DateTime), 3, 8)
INSERT [dbo].[chi_tiet_san_pham] ([id_chi_tiet_san_pham], [id_san_pham], [qr_code], [gia_ban], [so_luong], [trang_thai], [ngay_tao], [ngay_sua], [id_kich_thuoc], [id_mau_sac]) VALUES (293, 45, N'QR0291', CAST(1200000.00 AS Decimal(12, 2)), 33, N'Hoạt động', CAST(N'2025-04-10T00:00:00.000' AS DateTime), CAST(N'2025-04-10T00:00:00.000' AS DateTime), 2, 1)
INSERT [dbo].[chi_tiet_san_pham] ([id_chi_tiet_san_pham], [id_san_pham], [qr_code], [gia_ban], [so_luong], [trang_thai], [ngay_tao], [ngay_sua], [id_kich_thuoc], [id_mau_sac]) VALUES (294, 45, N'QR0292', CAST(1200000.00 AS Decimal(12, 2)), 43, N'Hoạt động', CAST(N'2025-04-10T00:00:00.000' AS DateTime), CAST(N'2025-04-10T00:00:00.000' AS DateTime), 3, 1)
INSERT [dbo].[chi_tiet_san_pham] ([id_chi_tiet_san_pham], [id_san_pham], [qr_code], [gia_ban], [so_luong], [trang_thai], [ngay_tao], [ngay_sua], [id_kich_thuoc], [id_mau_sac]) VALUES (295, 45, N'QR0293', CAST(1200000.00 AS Decimal(12, 2)), 38, N'Hoạt động', CAST(N'2025-04-10T00:00:00.000' AS DateTime), CAST(N'2025-04-10T00:00:00.000' AS DateTime), 4, 1)
INSERT [dbo].[chi_tiet_san_pham] ([id_chi_tiet_san_pham], [id_san_pham], [qr_code], [gia_ban], [so_luong], [trang_thai], [ngay_tao], [ngay_sua], [id_kich_thuoc], [id_mau_sac]) VALUES (296, 45, N'QR0294', CAST(1200000.00 AS Decimal(12, 2)), 25, N'Không hoạt động', CAST(N'2025-04-10T00:00:00.000' AS DateTime), CAST(N'2025-04-10T00:00:00.000' AS DateTime), 3, 4)
INSERT [dbo].[chi_tiet_san_pham] ([id_chi_tiet_san_pham], [id_san_pham], [qr_code], [gia_ban], [so_luong], [trang_thai], [ngay_tao], [ngay_sua], [id_kich_thuoc], [id_mau_sac]) VALUES (313, 76, N'QR0311', CAST(550000.00 AS Decimal(12, 2)), 70, N'Hoạt động', CAST(N'2025-04-10T00:00:00.000' AS DateTime), CAST(N'2025-04-10T00:00:00.000' AS DateTime), 3, 1)
INSERT [dbo].[chi_tiet_san_pham] ([id_chi_tiet_san_pham], [id_san_pham], [qr_code], [gia_ban], [so_luong], [trang_thai], [ngay_tao], [ngay_sua], [id_kich_thuoc], [id_mau_sac]) VALUES (314, 76, N'QR0312', CAST(550000.00 AS Decimal(12, 2)), 80, N'Hoạt động', CAST(N'2025-04-10T00:00:00.000' AS DateTime), CAST(N'2025-04-10T00:00:00.000' AS DateTime), 4, 1)
INSERT [dbo].[chi_tiet_san_pham] ([id_chi_tiet_san_pham], [id_san_pham], [qr_code], [gia_ban], [so_luong], [trang_thai], [ngay_tao], [ngay_sua], [id_kich_thuoc], [id_mau_sac]) VALUES (315, 76, N'QR0313', CAST(550000.00 AS Decimal(12, 2)), 60, N'Hoạt động', CAST(N'2025-04-10T00:00:00.000' AS DateTime), CAST(N'2025-04-10T00:00:00.000' AS DateTime), 5, 1)
INSERT [dbo].[chi_tiet_san_pham] ([id_chi_tiet_san_pham], [id_san_pham], [qr_code], [gia_ban], [so_luong], [trang_thai], [ngay_tao], [ngay_sua], [id_kich_thuoc], [id_mau_sac]) VALUES (316, 76, N'QR0314', CAST(550000.00 AS Decimal(12, 2)), 50, N'Hoạt động', CAST(N'2025-04-10T00:00:00.000' AS DateTime), CAST(N'2025-04-10T00:00:00.000' AS DateTime), 3, 4)
INSERT [dbo].[chi_tiet_san_pham] ([id_chi_tiet_san_pham], [id_san_pham], [qr_code], [gia_ban], [so_luong], [trang_thai], [ngay_tao], [ngay_sua], [id_kich_thuoc], [id_mau_sac]) VALUES (317, 76, N'QR0315', CAST(550000.00 AS Decimal(12, 2)), 55, N'Hoạt động', CAST(N'2025-04-10T00:00:00.000' AS DateTime), CAST(N'2025-04-10T00:00:00.000' AS DateTime), 4, 3)
INSERT [dbo].[chi_tiet_san_pham] ([id_chi_tiet_san_pham], [id_san_pham], [qr_code], [gia_ban], [so_luong], [trang_thai], [ngay_tao], [ngay_sua], [id_kich_thuoc], [id_mau_sac]) VALUES (318, 76, N'QR0316', CAST(550000.00 AS Decimal(12, 2)), 40, N'Không hoạt động', CAST(N'2025-04-10T00:00:00.000' AS DateTime), CAST(N'2025-04-10T00:00:00.000' AS DateTime), 3, 6)
INSERT [dbo].[chi_tiet_san_pham] ([id_chi_tiet_san_pham], [id_san_pham], [qr_code], [gia_ban], [so_luong], [trang_thai], [ngay_tao], [ngay_sua], [id_kich_thuoc], [id_mau_sac]) VALUES (319, 88, N'QR0317', CAST(600000.00 AS Decimal(12, 2)), 50, N'Hoạt động', CAST(N'2025-04-10T00:00:00.000' AS DateTime), CAST(N'2025-04-10T00:00:00.000' AS DateTime), 2, 1)
INSERT [dbo].[chi_tiet_san_pham] ([id_chi_tiet_san_pham], [id_san_pham], [qr_code], [gia_ban], [so_luong], [trang_thai], [ngay_tao], [ngay_sua], [id_kich_thuoc], [id_mau_sac]) VALUES (320, 88, N'QR0318', CAST(600000.00 AS Decimal(12, 2)), 60, N'Hoạt động', CAST(N'2025-04-10T00:00:00.000' AS DateTime), CAST(N'2025-04-10T00:00:00.000' AS DateTime), 3, 1)
INSERT [dbo].[chi_tiet_san_pham] ([id_chi_tiet_san_pham], [id_san_pham], [qr_code], [gia_ban], [so_luong], [trang_thai], [ngay_tao], [ngay_sua], [id_kich_thuoc], [id_mau_sac]) VALUES (321, 88, N'QR0319', CAST(600000.00 AS Decimal(12, 2)), 55, N'Hoạt động', CAST(N'2025-04-10T00:00:00.000' AS DateTime), CAST(N'2025-04-10T00:00:00.000' AS DateTime), 4, 1)
INSERT [dbo].[chi_tiet_san_pham] ([id_chi_tiet_san_pham], [id_san_pham], [qr_code], [gia_ban], [so_luong], [trang_thai], [ngay_tao], [ngay_sua], [id_kich_thuoc], [id_mau_sac]) VALUES (322, 88, N'QR0320', CAST(600000.00 AS Decimal(12, 2)), 40, N'Hoạt động', CAST(N'2025-04-10T00:00:00.000' AS DateTime), CAST(N'2025-04-10T00:00:00.000' AS DateTime), 3, 4)
INSERT [dbo].[chi_tiet_san_pham] ([id_chi_tiet_san_pham], [id_san_pham], [qr_code], [gia_ban], [so_luong], [trang_thai], [ngay_tao], [ngay_sua], [id_kich_thuoc], [id_mau_sac]) VALUES (327, 114, N'QR0325', CAST(550000.00 AS Decimal(12, 2)), 60, N'Hoạt động', CAST(N'2025-04-10T00:00:00.000' AS DateTime), CAST(N'2025-04-10T00:00:00.000' AS DateTime), 1, 1)
INSERT [dbo].[chi_tiet_san_pham] ([id_chi_tiet_san_pham], [id_san_pham], [qr_code], [gia_ban], [so_luong], [trang_thai], [ngay_tao], [ngay_sua], [id_kich_thuoc], [id_mau_sac]) VALUES (328, 114, N'QR0326', CAST(550000.00 AS Decimal(12, 2)), 70, N'Hoạt động', CAST(N'2025-04-10T00:00:00.000' AS DateTime), CAST(N'2025-04-10T00:00:00.000' AS DateTime), 2, 1)
GO
INSERT [dbo].[chi_tiet_san_pham] ([id_chi_tiet_san_pham], [id_san_pham], [qr_code], [gia_ban], [so_luong], [trang_thai], [ngay_tao], [ngay_sua], [id_kich_thuoc], [id_mau_sac]) VALUES (329, 114, N'QR0327', CAST(550000.00 AS Decimal(12, 2)), 65, N'Hoạt động', CAST(N'2025-04-10T00:00:00.000' AS DateTime), CAST(N'2025-04-10T00:00:00.000' AS DateTime), 3, 1)
INSERT [dbo].[chi_tiet_san_pham] ([id_chi_tiet_san_pham], [id_san_pham], [qr_code], [gia_ban], [so_luong], [trang_thai], [ngay_tao], [ngay_sua], [id_kich_thuoc], [id_mau_sac]) VALUES (330, 114, N'QR0328', CAST(550000.00 AS Decimal(12, 2)), 50, N'Hoạt động', CAST(N'2025-04-10T00:00:00.000' AS DateTime), CAST(N'2025-04-10T00:00:00.000' AS DateTime), 2, 2)
INSERT [dbo].[chi_tiet_san_pham] ([id_chi_tiet_san_pham], [id_san_pham], [qr_code], [gia_ban], [so_luong], [trang_thai], [ngay_tao], [ngay_sua], [id_kich_thuoc], [id_mau_sac]) VALUES (331, 114, N'QR0329', CAST(550000.00 AS Decimal(12, 2)), 40, N'Hoạt động', CAST(N'2025-04-10T00:00:00.000' AS DateTime), CAST(N'2025-04-10T00:00:00.000' AS DateTime), 3, 9)
INSERT [dbo].[chi_tiet_san_pham] ([id_chi_tiet_san_pham], [id_san_pham], [qr_code], [gia_ban], [so_luong], [trang_thai], [ngay_tao], [ngay_sua], [id_kich_thuoc], [id_mau_sac]) VALUES (332, 124, N'QR0330', CAST(600000.00 AS Decimal(12, 2)), 65, N'Hoạt động', CAST(N'2025-04-10T00:00:00.000' AS DateTime), CAST(N'2025-04-10T00:00:00.000' AS DateTime), 1, 1)
INSERT [dbo].[chi_tiet_san_pham] ([id_chi_tiet_san_pham], [id_san_pham], [qr_code], [gia_ban], [so_luong], [trang_thai], [ngay_tao], [ngay_sua], [id_kich_thuoc], [id_mau_sac]) VALUES (333, 124, N'QR0331', CAST(600000.00 AS Decimal(12, 2)), 75, N'Hoạt động', CAST(N'2025-04-10T00:00:00.000' AS DateTime), CAST(N'2025-04-10T00:00:00.000' AS DateTime), 2, 1)
INSERT [dbo].[chi_tiet_san_pham] ([id_chi_tiet_san_pham], [id_san_pham], [qr_code], [gia_ban], [so_luong], [trang_thai], [ngay_tao], [ngay_sua], [id_kich_thuoc], [id_mau_sac]) VALUES (334, 124, N'QR0332', CAST(600000.00 AS Decimal(12, 2)), 70, N'Hoạt động', CAST(N'2025-04-10T00:00:00.000' AS DateTime), CAST(N'2025-04-10T00:00:00.000' AS DateTime), 3, 1)
INSERT [dbo].[chi_tiet_san_pham] ([id_chi_tiet_san_pham], [id_san_pham], [qr_code], [gia_ban], [so_luong], [trang_thai], [ngay_tao], [ngay_sua], [id_kich_thuoc], [id_mau_sac]) VALUES (335, 124, N'QR0333', CAST(600000.00 AS Decimal(12, 2)), 45, N'Hoạt động', CAST(N'2025-04-10T00:00:00.000' AS DateTime), CAST(N'2025-04-10T00:00:00.000' AS DateTime), 2, 5)
INSERT [dbo].[chi_tiet_san_pham] ([id_chi_tiet_san_pham], [id_san_pham], [qr_code], [gia_ban], [so_luong], [trang_thai], [ngay_tao], [ngay_sua], [id_kich_thuoc], [id_mau_sac]) VALUES (340, 142, N'QR0338', CAST(850000.00 AS Decimal(12, 2)), 35, N'Hoạt động', CAST(N'2025-04-10T00:00:00.000' AS DateTime), CAST(N'2025-04-10T00:00:00.000' AS DateTime), 1, 2)
INSERT [dbo].[chi_tiet_san_pham] ([id_chi_tiet_san_pham], [id_san_pham], [qr_code], [gia_ban], [so_luong], [trang_thai], [ngay_tao], [ngay_sua], [id_kich_thuoc], [id_mau_sac]) VALUES (341, 142, N'QR0339', CAST(850000.00 AS Decimal(12, 2)), 45, N'Hoạt động', CAST(N'2025-04-10T00:00:00.000' AS DateTime), CAST(N'2025-04-10T00:00:00.000' AS DateTime), 2, 2)
INSERT [dbo].[chi_tiet_san_pham] ([id_chi_tiet_san_pham], [id_san_pham], [qr_code], [gia_ban], [so_luong], [trang_thai], [ngay_tao], [ngay_sua], [id_kich_thuoc], [id_mau_sac]) VALUES (342, 142, N'QR0340', CAST(850000.00 AS Decimal(12, 2)), 40, N'Hoạt động', CAST(N'2025-04-10T00:00:00.000' AS DateTime), CAST(N'2025-04-10T00:00:00.000' AS DateTime), 3, 2)
INSERT [dbo].[chi_tiet_san_pham] ([id_chi_tiet_san_pham], [id_san_pham], [qr_code], [gia_ban], [so_luong], [trang_thai], [ngay_tao], [ngay_sua], [id_kich_thuoc], [id_mau_sac]) VALUES (343, 142, N'QR0341', CAST(850000.00 AS Decimal(12, 2)), 28, N'Hoạt động', CAST(N'2025-04-10T00:00:00.000' AS DateTime), CAST(N'2025-04-10T00:00:00.000' AS DateTime), 2, 1)
INSERT [dbo].[chi_tiet_san_pham] ([id_chi_tiet_san_pham], [id_san_pham], [qr_code], [gia_ban], [so_luong], [trang_thai], [ngay_tao], [ngay_sua], [id_kich_thuoc], [id_mau_sac]) VALUES (365, 102, N'QR0363', CAST(700000.00 AS Decimal(12, 2)), 44, N'Hoạt động', CAST(N'2025-04-10T00:00:00.000' AS DateTime), CAST(N'2025-04-10T00:00:00.000' AS DateTime), 2, 1)
INSERT [dbo].[chi_tiet_san_pham] ([id_chi_tiet_san_pham], [id_san_pham], [qr_code], [gia_ban], [so_luong], [trang_thai], [ngay_tao], [ngay_sua], [id_kich_thuoc], [id_mau_sac]) VALUES (366, 102, N'QR0364', CAST(700000.00 AS Decimal(12, 2)), 54, N'Hoạt động', CAST(N'2025-04-10T00:00:00.000' AS DateTime), CAST(N'2025-04-10T00:00:00.000' AS DateTime), 3, 1)
INSERT [dbo].[chi_tiet_san_pham] ([id_chi_tiet_san_pham], [id_san_pham], [qr_code], [gia_ban], [so_luong], [trang_thai], [ngay_tao], [ngay_sua], [id_kich_thuoc], [id_mau_sac]) VALUES (367, 102, N'QR0365', CAST(700000.00 AS Decimal(12, 2)), 49, N'Hoạt động', CAST(N'2025-04-10T00:00:00.000' AS DateTime), CAST(N'2025-04-10T00:00:00.000' AS DateTime), 4, 1)
INSERT [dbo].[chi_tiet_san_pham] ([id_chi_tiet_san_pham], [id_san_pham], [qr_code], [gia_ban], [so_luong], [trang_thai], [ngay_tao], [ngay_sua], [id_kich_thuoc], [id_mau_sac]) VALUES (368, 102, N'QR0366', CAST(700000.00 AS Decimal(12, 2)), 34, N'Hoạt động', CAST(N'2025-04-10T00:00:00.000' AS DateTime), CAST(N'2025-04-10T00:00:00.000' AS DateTime), 3, 2)
INSERT [dbo].[chi_tiet_san_pham] ([id_chi_tiet_san_pham], [id_san_pham], [qr_code], [gia_ban], [so_luong], [trang_thai], [ngay_tao], [ngay_sua], [id_kich_thuoc], [id_mau_sac]) VALUES (369, 137, N'QR0367', CAST(2700000.00 AS Decimal(12, 2)), 26, N'Hoạt động', CAST(N'2025-04-10T00:00:00.000' AS DateTime), CAST(N'2025-04-10T00:00:00.000' AS DateTime), 1, 1)
INSERT [dbo].[chi_tiet_san_pham] ([id_chi_tiet_san_pham], [id_san_pham], [qr_code], [gia_ban], [so_luong], [trang_thai], [ngay_tao], [ngay_sua], [id_kich_thuoc], [id_mau_sac]) VALUES (370, 137, N'QR0368', CAST(2700000.00 AS Decimal(12, 2)), 36, N'Hoạt động', CAST(N'2025-04-10T00:00:00.000' AS DateTime), CAST(N'2025-04-10T00:00:00.000' AS DateTime), 2, 1)
INSERT [dbo].[chi_tiet_san_pham] ([id_chi_tiet_san_pham], [id_san_pham], [qr_code], [gia_ban], [so_luong], [trang_thai], [ngay_tao], [ngay_sua], [id_kich_thuoc], [id_mau_sac]) VALUES (371, 137, N'QR0369', CAST(2700000.00 AS Decimal(12, 2)), 31, N'Hoạt động', CAST(N'2025-04-10T00:00:00.000' AS DateTime), CAST(N'2025-04-10T00:00:00.000' AS DateTime), 3, 1)
INSERT [dbo].[chi_tiet_san_pham] ([id_chi_tiet_san_pham], [id_san_pham], [qr_code], [gia_ban], [so_luong], [trang_thai], [ngay_tao], [ngay_sua], [id_kich_thuoc], [id_mau_sac]) VALUES (372, 137, N'QR0370', CAST(2700000.00 AS Decimal(12, 2)), 21, N'Hoạt động', CAST(N'2025-04-10T00:00:00.000' AS DateTime), CAST(N'2025-04-10T00:00:00.000' AS DateTime), 2, 4)
INSERT [dbo].[chi_tiet_san_pham] ([id_chi_tiet_san_pham], [id_san_pham], [qr_code], [gia_ban], [so_luong], [trang_thai], [ngay_tao], [ngay_sua], [id_kich_thuoc], [id_mau_sac]) VALUES (373, 137, N'QR0371', CAST(2700000.00 AS Decimal(12, 2)), 16, N'Không hoạt động', CAST(N'2025-04-10T00:00:00.000' AS DateTime), CAST(N'2025-04-10T00:00:00.000' AS DateTime), 3, 9)
INSERT [dbo].[chi_tiet_san_pham] ([id_chi_tiet_san_pham], [id_san_pham], [qr_code], [gia_ban], [so_luong], [trang_thai], [ngay_tao], [ngay_sua], [id_kich_thuoc], [id_mau_sac]) VALUES (380, 4, N'QR0378', CAST(350000.00 AS Decimal(12, 2)), 50, N'Hoạt động', CAST(N'2025-04-10T00:00:00.000' AS DateTime), CAST(N'2025-04-10T00:00:00.000' AS DateTime), 2, 1)
INSERT [dbo].[chi_tiet_san_pham] ([id_chi_tiet_san_pham], [id_san_pham], [qr_code], [gia_ban], [so_luong], [trang_thai], [ngay_tao], [ngay_sua], [id_kich_thuoc], [id_mau_sac]) VALUES (381, 4, N'QR0379', CAST(350000.00 AS Decimal(12, 2)), 60, N'Hoạt động', CAST(N'2025-04-10T00:00:00.000' AS DateTime), CAST(N'2025-04-10T00:00:00.000' AS DateTime), 3, 1)
INSERT [dbo].[chi_tiet_san_pham] ([id_chi_tiet_san_pham], [id_san_pham], [qr_code], [gia_ban], [so_luong], [trang_thai], [ngay_tao], [ngay_sua], [id_kich_thuoc], [id_mau_sac]) VALUES (382, 4, N'QR0380', CAST(350000.00 AS Decimal(12, 2)), 55, N'Hoạt động', CAST(N'2025-04-10T00:00:00.000' AS DateTime), CAST(N'2025-04-10T00:00:00.000' AS DateTime), 4, 1)
INSERT [dbo].[chi_tiet_san_pham] ([id_chi_tiet_san_pham], [id_san_pham], [qr_code], [gia_ban], [so_luong], [trang_thai], [ngay_tao], [ngay_sua], [id_kich_thuoc], [id_mau_sac]) VALUES (383, 4, N'QR0381', CAST(350000.00 AS Decimal(12, 2)), 45, N'Hoạt động', CAST(N'2025-04-10T00:00:00.000' AS DateTime), CAST(N'2025-04-10T00:00:00.000' AS DateTime), 3, 2)
INSERT [dbo].[chi_tiet_san_pham] ([id_chi_tiet_san_pham], [id_san_pham], [qr_code], [gia_ban], [so_luong], [trang_thai], [ngay_tao], [ngay_sua], [id_kich_thuoc], [id_mau_sac]) VALUES (384, 4, N'QR0382', CAST(350000.00 AS Decimal(12, 2)), 40, N'Hoạt động', CAST(N'2025-04-10T00:00:00.000' AS DateTime), CAST(N'2025-04-10T00:00:00.000' AS DateTime), 4, 5)
INSERT [dbo].[chi_tiet_san_pham] ([id_chi_tiet_san_pham], [id_san_pham], [qr_code], [gia_ban], [so_luong], [trang_thai], [ngay_tao], [ngay_sua], [id_kich_thuoc], [id_mau_sac]) VALUES (385, 5, N'QR0383', CAST(1500000.00 AS Decimal(12, 2)), 25, N'Hoạt động', CAST(N'2025-04-10T00:00:00.000' AS DateTime), CAST(N'2025-04-10T00:00:00.000' AS DateTime), 2, 4)
INSERT [dbo].[chi_tiet_san_pham] ([id_chi_tiet_san_pham], [id_san_pham], [qr_code], [gia_ban], [so_luong], [trang_thai], [ngay_tao], [ngay_sua], [id_kich_thuoc], [id_mau_sac]) VALUES (386, 5, N'QR0384', CAST(1500000.00 AS Decimal(12, 2)), 30, N'Hoạt động', CAST(N'2025-04-10T00:00:00.000' AS DateTime), CAST(N'2025-04-10T00:00:00.000' AS DateTime), 3, 4)
INSERT [dbo].[chi_tiet_san_pham] ([id_chi_tiet_san_pham], [id_san_pham], [qr_code], [gia_ban], [so_luong], [trang_thai], [ngay_tao], [ngay_sua], [id_kich_thuoc], [id_mau_sac]) VALUES (387, 5, N'QR0385', CAST(1500000.00 AS Decimal(12, 2)), 28, N'Hoạt động', CAST(N'2025-04-10T00:00:00.000' AS DateTime), CAST(N'2025-04-10T00:00:00.000' AS DateTime), 4, 4)
INSERT [dbo].[chi_tiet_san_pham] ([id_chi_tiet_san_pham], [id_san_pham], [qr_code], [gia_ban], [so_luong], [trang_thai], [ngay_tao], [ngay_sua], [id_kich_thuoc], [id_mau_sac]) VALUES (388, 5, N'QR0386', CAST(1500000.00 AS Decimal(12, 2)), 18, N'Hoạt động', CAST(N'2025-04-10T00:00:00.000' AS DateTime), CAST(N'2025-04-10T00:00:00.000' AS DateTime), 3, 9)
INSERT [dbo].[chi_tiet_san_pham] ([id_chi_tiet_san_pham], [id_san_pham], [qr_code], [gia_ban], [so_luong], [trang_thai], [ngay_tao], [ngay_sua], [id_kich_thuoc], [id_mau_sac]) VALUES (389, 8, N'QR0387', CAST(480000.00 AS Decimal(12, 2)), 45, N'Hoạt động', CAST(N'2025-04-10T00:00:00.000' AS DateTime), CAST(N'2025-04-10T00:00:00.000' AS DateTime), 2, 1)
INSERT [dbo].[chi_tiet_san_pham] ([id_chi_tiet_san_pham], [id_san_pham], [qr_code], [gia_ban], [so_luong], [trang_thai], [ngay_tao], [ngay_sua], [id_kich_thuoc], [id_mau_sac]) VALUES (390, 8, N'QR0388', CAST(480000.00 AS Decimal(12, 2)), 55, N'Hoạt động', CAST(N'2025-04-10T00:00:00.000' AS DateTime), CAST(N'2025-04-10T00:00:00.000' AS DateTime), 3, 1)
INSERT [dbo].[chi_tiet_san_pham] ([id_chi_tiet_san_pham], [id_san_pham], [qr_code], [gia_ban], [so_luong], [trang_thai], [ngay_tao], [ngay_sua], [id_kich_thuoc], [id_mau_sac]) VALUES (391, 8, N'QR0389', CAST(480000.00 AS Decimal(12, 2)), 50, N'Hoạt động', CAST(N'2025-04-10T00:00:00.000' AS DateTime), CAST(N'2025-04-10T00:00:00.000' AS DateTime), 4, 1)
INSERT [dbo].[chi_tiet_san_pham] ([id_chi_tiet_san_pham], [id_san_pham], [qr_code], [gia_ban], [so_luong], [trang_thai], [ngay_tao], [ngay_sua], [id_kich_thuoc], [id_mau_sac]) VALUES (392, 8, N'QR0390', CAST(480000.00 AS Decimal(12, 2)), 35, N'Hoạt động', CAST(N'2025-04-10T00:00:00.000' AS DateTime), CAST(N'2025-04-10T00:00:00.000' AS DateTime), 3, 4)
INSERT [dbo].[chi_tiet_san_pham] ([id_chi_tiet_san_pham], [id_san_pham], [qr_code], [gia_ban], [so_luong], [trang_thai], [ngay_tao], [ngay_sua], [id_kich_thuoc], [id_mau_sac]) VALUES (396, 11, N'QR0394', CAST(280000.00 AS Decimal(12, 2)), 70, N'Hoạt động', CAST(N'2025-04-10T00:00:00.000' AS DateTime), CAST(N'2025-04-10T00:00:00.000' AS DateTime), 18, 1)
INSERT [dbo].[chi_tiet_san_pham] ([id_chi_tiet_san_pham], [id_san_pham], [qr_code], [gia_ban], [so_luong], [trang_thai], [ngay_tao], [ngay_sua], [id_kich_thuoc], [id_mau_sac]) VALUES (397, 11, N'QR0395', CAST(280000.00 AS Decimal(12, 2)), 80, N'Hoạt động', CAST(N'2025-04-10T00:00:00.000' AS DateTime), CAST(N'2025-04-10T00:00:00.000' AS DateTime), 19, 1)
INSERT [dbo].[chi_tiet_san_pham] ([id_chi_tiet_san_pham], [id_san_pham], [qr_code], [gia_ban], [so_luong], [trang_thai], [ngay_tao], [ngay_sua], [id_kich_thuoc], [id_mau_sac]) VALUES (398, 11, N'QR0396', CAST(280000.00 AS Decimal(12, 2)), 60, N'Hoạt động', CAST(N'2025-04-10T00:00:00.000' AS DateTime), CAST(N'2025-04-10T00:00:00.000' AS DateTime), 18, 6)
INSERT [dbo].[chi_tiet_san_pham] ([id_chi_tiet_san_pham], [id_san_pham], [qr_code], [gia_ban], [so_luong], [trang_thai], [ngay_tao], [ngay_sua], [id_kich_thuoc], [id_mau_sac]) VALUES (399, 11, N'QR0397', CAST(280000.00 AS Decimal(12, 2)), 65, N'Hoạt động', CAST(N'2025-04-10T00:00:00.000' AS DateTime), CAST(N'2025-04-10T00:00:00.000' AS DateTime), 19, 6)
INSERT [dbo].[chi_tiet_san_pham] ([id_chi_tiet_san_pham], [id_san_pham], [qr_code], [gia_ban], [so_luong], [trang_thai], [ngay_tao], [ngay_sua], [id_kich_thuoc], [id_mau_sac]) VALUES (400, 12, N'QR0398', CAST(300000.00 AS Decimal(12, 2)), 50, N'Hoạt động', CAST(N'2025-04-10T00:00:00.000' AS DateTime), CAST(N'2025-04-10T00:00:00.000' AS DateTime), 18, 1)
INSERT [dbo].[chi_tiet_san_pham] ([id_chi_tiet_san_pham], [id_san_pham], [qr_code], [gia_ban], [so_luong], [trang_thai], [ngay_tao], [ngay_sua], [id_kich_thuoc], [id_mau_sac]) VALUES (401, 12, N'QR0399', CAST(300000.00 AS Decimal(12, 2)), 55, N'Hoạt động', CAST(N'2025-04-10T00:00:00.000' AS DateTime), CAST(N'2025-04-10T00:00:00.000' AS DateTime), 19, 1)
INSERT [dbo].[chi_tiet_san_pham] ([id_chi_tiet_san_pham], [id_san_pham], [qr_code], [gia_ban], [so_luong], [trang_thai], [ngay_tao], [ngay_sua], [id_kich_thuoc], [id_mau_sac]) VALUES (402, 12, N'QR0400', CAST(300000.00 AS Decimal(12, 2)), 40, N'Hoạt động', CAST(N'2025-04-10T00:00:00.000' AS DateTime), CAST(N'2025-04-10T00:00:00.000' AS DateTime), 18, 2)
INSERT [dbo].[chi_tiet_san_pham] ([id_chi_tiet_san_pham], [id_san_pham], [qr_code], [gia_ban], [so_luong], [trang_thai], [ngay_tao], [ngay_sua], [id_kich_thuoc], [id_mau_sac]) VALUES (403, 12, N'QR0401', CAST(300000.00 AS Decimal(12, 2)), 45, N'Hoạt động', CAST(N'2025-04-10T00:00:00.000' AS DateTime), CAST(N'2025-04-10T00:00:00.000' AS DateTime), 19, 2)
INSERT [dbo].[chi_tiet_san_pham] ([id_chi_tiet_san_pham], [id_san_pham], [qr_code], [gia_ban], [so_luong], [trang_thai], [ngay_tao], [ngay_sua], [id_kich_thuoc], [id_mau_sac]) VALUES (407, 22, N'QR0405', CAST(750000.00 AS Decimal(12, 2)), 40, N'Hoạt động', CAST(N'2025-04-10T00:00:00.000' AS DateTime), CAST(N'2025-04-10T00:00:00.000' AS DateTime), 2, 1)
INSERT [dbo].[chi_tiet_san_pham] ([id_chi_tiet_san_pham], [id_san_pham], [qr_code], [gia_ban], [so_luong], [trang_thai], [ngay_tao], [ngay_sua], [id_kich_thuoc], [id_mau_sac]) VALUES (408, 22, N'QR0406', CAST(750000.00 AS Decimal(12, 2)), 50, N'Hoạt động', CAST(N'2025-04-10T00:00:00.000' AS DateTime), CAST(N'2025-04-10T00:00:00.000' AS DateTime), 3, 1)
INSERT [dbo].[chi_tiet_san_pham] ([id_chi_tiet_san_pham], [id_san_pham], [qr_code], [gia_ban], [so_luong], [trang_thai], [ngay_tao], [ngay_sua], [id_kich_thuoc], [id_mau_sac]) VALUES (409, 22, N'QR0407', CAST(750000.00 AS Decimal(12, 2)), 45, N'Hoạt động', CAST(N'2025-04-10T00:00:00.000' AS DateTime), CAST(N'2025-04-10T00:00:00.000' AS DateTime), 4, 1)
INSERT [dbo].[chi_tiet_san_pham] ([id_chi_tiet_san_pham], [id_san_pham], [qr_code], [gia_ban], [so_luong], [trang_thai], [ngay_tao], [ngay_sua], [id_kich_thuoc], [id_mau_sac]) VALUES (410, 22, N'QR0408', CAST(750000.00 AS Decimal(12, 2)), 30, N'Hoạt động', CAST(N'2025-04-10T00:00:00.000' AS DateTime), CAST(N'2025-04-10T00:00:00.000' AS DateTime), 3, 3)
INSERT [dbo].[chi_tiet_san_pham] ([id_chi_tiet_san_pham], [id_san_pham], [qr_code], [gia_ban], [so_luong], [trang_thai], [ngay_tao], [ngay_sua], [id_kich_thuoc], [id_mau_sac]) VALUES (411, 23, N'QR0409', CAST(800000.00 AS Decimal(12, 2)), 35, N'Hoạt động', CAST(N'2025-04-10T00:00:00.000' AS DateTime), CAST(N'2025-04-10T00:00:00.000' AS DateTime), 3, 1)
INSERT [dbo].[chi_tiet_san_pham] ([id_chi_tiet_san_pham], [id_san_pham], [qr_code], [gia_ban], [so_luong], [trang_thai], [ngay_tao], [ngay_sua], [id_kich_thuoc], [id_mau_sac]) VALUES (412, 23, N'QR0410', CAST(800000.00 AS Decimal(12, 2)), 40, N'Hoạt động', CAST(N'2025-04-10T00:00:00.000' AS DateTime), CAST(N'2025-04-10T00:00:00.000' AS DateTime), 4, 1)
INSERT [dbo].[chi_tiet_san_pham] ([id_chi_tiet_san_pham], [id_san_pham], [qr_code], [gia_ban], [so_luong], [trang_thai], [ngay_tao], [ngay_sua], [id_kich_thuoc], [id_mau_sac]) VALUES (413, 23, N'QR0411', CAST(800000.00 AS Decimal(12, 2)), 30, N'Hoạt động', CAST(N'2025-04-10T00:00:00.000' AS DateTime), CAST(N'2025-04-10T00:00:00.000' AS DateTime), 3, 2)
INSERT [dbo].[chi_tiet_san_pham] ([id_chi_tiet_san_pham], [id_san_pham], [qr_code], [gia_ban], [so_luong], [trang_thai], [ngay_tao], [ngay_sua], [id_kich_thuoc], [id_mau_sac]) VALUES (425, 31, N'QR0423', CAST(450000.00 AS Decimal(12, 2)), 35, N'Hoạt động', CAST(N'2025-04-10T00:00:00.000' AS DateTime), CAST(N'2025-04-10T00:00:00.000' AS DateTime), 2, 5)
INSERT [dbo].[chi_tiet_san_pham] ([id_chi_tiet_san_pham], [id_san_pham], [qr_code], [gia_ban], [so_luong], [trang_thai], [ngay_tao], [ngay_sua], [id_kich_thuoc], [id_mau_sac]) VALUES (426, 31, N'QR0424', CAST(450000.00 AS Decimal(12, 2)), 45, N'Hoạt động', CAST(N'2025-04-10T00:00:00.000' AS DateTime), CAST(N'2025-04-10T00:00:00.000' AS DateTime), 3, 5)
INSERT [dbo].[chi_tiet_san_pham] ([id_chi_tiet_san_pham], [id_san_pham], [qr_code], [gia_ban], [so_luong], [trang_thai], [ngay_tao], [ngay_sua], [id_kich_thuoc], [id_mau_sac]) VALUES (427, 31, N'QR0425', CAST(450000.00 AS Decimal(12, 2)), 40, N'Hoạt động', CAST(N'2025-04-10T00:00:00.000' AS DateTime), CAST(N'2025-04-10T00:00:00.000' AS DateTime), 4, 5)
INSERT [dbo].[chi_tiet_san_pham] ([id_chi_tiet_san_pham], [id_san_pham], [qr_code], [gia_ban], [so_luong], [trang_thai], [ngay_tao], [ngay_sua], [id_kich_thuoc], [id_mau_sac]) VALUES (428, 31, N'QR0426', CAST(450000.00 AS Decimal(12, 2)), 30, N'Không hoạt động', CAST(N'2025-04-10T00:00:00.000' AS DateTime), CAST(N'2025-04-10T00:00:00.000' AS DateTime), 3, 1)
INSERT [dbo].[chi_tiet_san_pham] ([id_chi_tiet_san_pham], [id_san_pham], [qr_code], [gia_ban], [so_luong], [trang_thai], [ngay_tao], [ngay_sua], [id_kich_thuoc], [id_mau_sac]) VALUES (429, 33, N'QR0427', CAST(420000.00 AS Decimal(12, 2)), 30, N'Hoạt động', CAST(N'2025-04-10T00:00:00.000' AS DateTime), CAST(N'2025-04-10T00:00:00.000' AS DateTime), 2, 1)
INSERT [dbo].[chi_tiet_san_pham] ([id_chi_tiet_san_pham], [id_san_pham], [qr_code], [gia_ban], [so_luong], [trang_thai], [ngay_tao], [ngay_sua], [id_kich_thuoc], [id_mau_sac]) VALUES (430, 33, N'QR0428', CAST(420000.00 AS Decimal(12, 2)), 40, N'Hoạt động', CAST(N'2025-04-10T00:00:00.000' AS DateTime), CAST(N'2025-04-10T00:00:00.000' AS DateTime), 3, 1)
INSERT [dbo].[chi_tiet_san_pham] ([id_chi_tiet_san_pham], [id_san_pham], [qr_code], [gia_ban], [so_luong], [trang_thai], [ngay_tao], [ngay_sua], [id_kich_thuoc], [id_mau_sac]) VALUES (431, 33, N'QR0429', CAST(420000.00 AS Decimal(12, 2)), 35, N'Hoạt động', CAST(N'2025-04-10T00:00:00.000' AS DateTime), CAST(N'2025-04-10T00:00:00.000' AS DateTime), 4, 1)
INSERT [dbo].[chi_tiet_san_pham] ([id_chi_tiet_san_pham], [id_san_pham], [qr_code], [gia_ban], [so_luong], [trang_thai], [ngay_tao], [ngay_sua], [id_kich_thuoc], [id_mau_sac]) VALUES (432, 34, N'QR0430', CAST(380000.00 AS Decimal(12, 2)), 45, N'Hoạt động', CAST(N'2025-04-10T00:00:00.000' AS DateTime), CAST(N'2025-04-10T00:00:00.000' AS DateTime), 3, 1)
INSERT [dbo].[chi_tiet_san_pham] ([id_chi_tiet_san_pham], [id_san_pham], [qr_code], [gia_ban], [so_luong], [trang_thai], [ngay_tao], [ngay_sua], [id_kich_thuoc], [id_mau_sac]) VALUES (433, 34, N'QR0431', CAST(380000.00 AS Decimal(12, 2)), 50, N'Hoạt động', CAST(N'2025-04-10T00:00:00.000' AS DateTime), CAST(N'2025-04-10T00:00:00.000' AS DateTime), 4, 2)
INSERT [dbo].[chi_tiet_san_pham] ([id_chi_tiet_san_pham], [id_san_pham], [qr_code], [gia_ban], [so_luong], [trang_thai], [ngay_tao], [ngay_sua], [id_kich_thuoc], [id_mau_sac]) VALUES (434, 34, N'QR0432', CAST(380000.00 AS Decimal(12, 2)), 35, N'Hoạt động', CAST(N'2025-04-10T00:00:00.000' AS DateTime), CAST(N'2025-04-10T00:00:00.000' AS DateTime), 3, 4)
INSERT [dbo].[chi_tiet_san_pham] ([id_chi_tiet_san_pham], [id_san_pham], [qr_code], [gia_ban], [so_luong], [trang_thai], [ngay_tao], [ngay_sua], [id_kich_thuoc], [id_mau_sac]) VALUES (443, 42, N'QR0441', CAST(680000.00 AS Decimal(12, 2)), 45, N'Hoạt động', CAST(N'2025-04-10T00:00:00.000' AS DateTime), CAST(N'2025-04-10T00:00:00.000' AS DateTime), 3, 1)
INSERT [dbo].[chi_tiet_san_pham] ([id_chi_tiet_san_pham], [id_san_pham], [qr_code], [gia_ban], [so_luong], [trang_thai], [ngay_tao], [ngay_sua], [id_kich_thuoc], [id_mau_sac]) VALUES (444, 42, N'QR0442', CAST(680000.00 AS Decimal(12, 2)), 55, N'Hoạt động', CAST(N'2025-04-10T00:00:00.000' AS DateTime), CAST(N'2025-04-10T00:00:00.000' AS DateTime), 4, 1)
INSERT [dbo].[chi_tiet_san_pham] ([id_chi_tiet_san_pham], [id_san_pham], [qr_code], [gia_ban], [so_luong], [trang_thai], [ngay_tao], [ngay_sua], [id_kich_thuoc], [id_mau_sac]) VALUES (445, 42, N'QR0443', CAST(680000.00 AS Decimal(12, 2)), 40, N'Hoạt động', CAST(N'2025-04-10T00:00:00.000' AS DateTime), CAST(N'2025-04-10T00:00:00.000' AS DateTime), 3, 3)
INSERT [dbo].[chi_tiet_san_pham] ([id_chi_tiet_san_pham], [id_san_pham], [qr_code], [gia_ban], [so_luong], [trang_thai], [ngay_tao], [ngay_sua], [id_kich_thuoc], [id_mau_sac]) VALUES (446, 42, N'QR0444', CAST(680000.00 AS Decimal(12, 2)), 35, N'Hoạt động', CAST(N'2025-04-10T00:00:00.000' AS DateTime), CAST(N'2025-04-10T00:00:00.000' AS DateTime), 4, 5)
INSERT [dbo].[chi_tiet_san_pham] ([id_chi_tiet_san_pham], [id_san_pham], [qr_code], [gia_ban], [so_luong], [trang_thai], [ngay_tao], [ngay_sua], [id_kich_thuoc], [id_mau_sac]) VALUES (447, 44, N'QR0445', CAST(650000.00 AS Decimal(12, 2)), 50, N'Hoạt động', CAST(N'2025-04-10T00:00:00.000' AS DateTime), CAST(N'2025-04-10T00:00:00.000' AS DateTime), 2, 1)
INSERT [dbo].[chi_tiet_san_pham] ([id_chi_tiet_san_pham], [id_san_pham], [qr_code], [gia_ban], [so_luong], [trang_thai], [ngay_tao], [ngay_sua], [id_kich_thuoc], [id_mau_sac]) VALUES (448, 44, N'QR0446', CAST(650000.00 AS Decimal(12, 2)), 60, N'Hoạt động', CAST(N'2025-04-10T00:00:00.000' AS DateTime), CAST(N'2025-04-10T00:00:00.000' AS DateTime), 3, 1)
INSERT [dbo].[chi_tiet_san_pham] ([id_chi_tiet_san_pham], [id_san_pham], [qr_code], [gia_ban], [so_luong], [trang_thai], [ngay_tao], [ngay_sua], [id_kich_thuoc], [id_mau_sac]) VALUES (449, 44, N'QR0447', CAST(650000.00 AS Decimal(12, 2)), 55, N'Hoạt động', CAST(N'2025-04-10T00:00:00.000' AS DateTime), CAST(N'2025-04-10T00:00:00.000' AS DateTime), 4, 1)
INSERT [dbo].[chi_tiet_san_pham] ([id_chi_tiet_san_pham], [id_san_pham], [qr_code], [gia_ban], [so_luong], [trang_thai], [ngay_tao], [ngay_sua], [id_kich_thuoc], [id_mau_sac]) VALUES (450, 44, N'QR0448', CAST(650000.00 AS Decimal(12, 2)), 40, N'Hoạt động', CAST(N'2025-04-10T00:00:00.000' AS DateTime), CAST(N'2025-04-10T00:00:00.000' AS DateTime), 3, 4)
INSERT [dbo].[chi_tiet_san_pham] ([id_chi_tiet_san_pham], [id_san_pham], [qr_code], [gia_ban], [so_luong], [trang_thai], [ngay_tao], [ngay_sua], [id_kich_thuoc], [id_mau_sac]) VALUES (451, 46, N'QR0449', CAST(780000.00 AS Decimal(12, 2)), 35, N'Hoạt động', CAST(N'2025-04-10T00:00:00.000' AS DateTime), CAST(N'2025-04-10T00:00:00.000' AS DateTime), 2, 1)
INSERT [dbo].[chi_tiet_san_pham] ([id_chi_tiet_san_pham], [id_san_pham], [qr_code], [gia_ban], [so_luong], [trang_thai], [ngay_tao], [ngay_sua], [id_kich_thuoc], [id_mau_sac]) VALUES (452, 46, N'QR0450', CAST(780000.00 AS Decimal(12, 2)), 40, N'Hoạt động', CAST(N'2025-04-10T00:00:00.000' AS DateTime), CAST(N'2025-04-10T00:00:00.000' AS DateTime), 3, 1)
INSERT [dbo].[chi_tiet_san_pham] ([id_chi_tiet_san_pham], [id_san_pham], [qr_code], [gia_ban], [so_luong], [trang_thai], [ngay_tao], [ngay_sua], [id_kich_thuoc], [id_mau_sac]) VALUES (453, 46, N'QR0451', CAST(780000.00 AS Decimal(12, 2)), 38, N'Hoạt động', CAST(N'2025-04-10T00:00:00.000' AS DateTime), CAST(N'2025-04-10T00:00:00.000' AS DateTime), 4, 1)
INSERT [dbo].[chi_tiet_san_pham] ([id_chi_tiet_san_pham], [id_san_pham], [qr_code], [gia_ban], [so_luong], [trang_thai], [ngay_tao], [ngay_sua], [id_kich_thuoc], [id_mau_sac]) VALUES (454, 46, N'QR0452', CAST(780000.00 AS Decimal(12, 2)), 25, N'Hoạt động', CAST(N'2025-04-10T00:00:00.000' AS DateTime), CAST(N'2025-04-10T00:00:00.000' AS DateTime), 3, 5)
INSERT [dbo].[chi_tiet_san_pham] ([id_chi_tiet_san_pham], [id_san_pham], [qr_code], [gia_ban], [so_luong], [trang_thai], [ngay_tao], [ngay_sua], [id_kich_thuoc], [id_mau_sac]) VALUES (475, 63, N'QR0473', CAST(2800000.00 AS Decimal(12, 2)), 15, N'Hoạt động', CAST(N'2025-04-10T00:00:00.000' AS DateTime), CAST(N'2025-04-10T00:00:00.000' AS DateTime), 2, 1)
INSERT [dbo].[chi_tiet_san_pham] ([id_chi_tiet_san_pham], [id_san_pham], [qr_code], [gia_ban], [so_luong], [trang_thai], [ngay_tao], [ngay_sua], [id_kich_thuoc], [id_mau_sac]) VALUES (476, 63, N'QR0474', CAST(2800000.00 AS Decimal(12, 2)), 20, N'Hoạt động', CAST(N'2025-04-10T00:00:00.000' AS DateTime), CAST(N'2025-04-10T00:00:00.000' AS DateTime), 3, 1)
INSERT [dbo].[chi_tiet_san_pham] ([id_chi_tiet_san_pham], [id_san_pham], [qr_code], [gia_ban], [so_luong], [trang_thai], [ngay_tao], [ngay_sua], [id_kich_thuoc], [id_mau_sac]) VALUES (477, 63, N'QR0475', CAST(2800000.00 AS Decimal(12, 2)), 18, N'Hoạt động', CAST(N'2025-04-10T00:00:00.000' AS DateTime), CAST(N'2025-04-10T00:00:00.000' AS DateTime), 4, 1)
INSERT [dbo].[chi_tiet_san_pham] ([id_chi_tiet_san_pham], [id_san_pham], [qr_code], [gia_ban], [so_luong], [trang_thai], [ngay_tao], [ngay_sua], [id_kich_thuoc], [id_mau_sac]) VALUES (494, 77, N'QR0492', CAST(650000.00 AS Decimal(12, 2)), 40, N'Hoạt động', CAST(N'2025-04-10T00:00:00.000' AS DateTime), CAST(N'2025-04-10T00:00:00.000' AS DateTime), 2, 1)
INSERT [dbo].[chi_tiet_san_pham] ([id_chi_tiet_san_pham], [id_san_pham], [qr_code], [gia_ban], [so_luong], [trang_thai], [ngay_tao], [ngay_sua], [id_kich_thuoc], [id_mau_sac]) VALUES (495, 77, N'QR0493', CAST(650000.00 AS Decimal(12, 2)), 50, N'Hoạt động', CAST(N'2025-04-10T00:00:00.000' AS DateTime), CAST(N'2025-04-10T00:00:00.000' AS DateTime), 3, 1)
INSERT [dbo].[chi_tiet_san_pham] ([id_chi_tiet_san_pham], [id_san_pham], [qr_code], [gia_ban], [so_luong], [trang_thai], [ngay_tao], [ngay_sua], [id_kich_thuoc], [id_mau_sac]) VALUES (496, 77, N'QR0494', CAST(650000.00 AS Decimal(12, 2)), 45, N'Hoạt động', CAST(N'2025-04-10T00:00:00.000' AS DateTime), CAST(N'2025-04-10T00:00:00.000' AS DateTime), 4, 1)
INSERT [dbo].[chi_tiet_san_pham] ([id_chi_tiet_san_pham], [id_san_pham], [qr_code], [gia_ban], [so_luong], [trang_thai], [ngay_tao], [ngay_sua], [id_kich_thuoc], [id_mau_sac]) VALUES (497, 77, N'QR0495', CAST(650000.00 AS Decimal(12, 2)), 30, N'Hoạt động', CAST(N'2025-04-10T00:00:00.000' AS DateTime), CAST(N'2025-04-10T00:00:00.000' AS DateTime), 3, 4)
INSERT [dbo].[chi_tiet_san_pham] ([id_chi_tiet_san_pham], [id_san_pham], [qr_code], [gia_ban], [so_luong], [trang_thai], [ngay_tao], [ngay_sua], [id_kich_thuoc], [id_mau_sac]) VALUES (498, 78, N'QR0496', CAST(580000.00 AS Decimal(12, 2)), 35, N'Hoạt động', CAST(N'2025-04-10T00:00:00.000' AS DateTime), CAST(N'2025-04-10T00:00:00.000' AS DateTime), 3, 6)
INSERT [dbo].[chi_tiet_san_pham] ([id_chi_tiet_san_pham], [id_san_pham], [qr_code], [gia_ban], [so_luong], [trang_thai], [ngay_tao], [ngay_sua], [id_kich_thuoc], [id_mau_sac]) VALUES (499, 78, N'QR0497', CAST(580000.00 AS Decimal(12, 2)), 45, N'Hoạt động', CAST(N'2025-04-10T00:00:00.000' AS DateTime), CAST(N'2025-04-10T00:00:00.000' AS DateTime), 4, 6)
INSERT [dbo].[chi_tiet_san_pham] ([id_chi_tiet_san_pham], [id_san_pham], [qr_code], [gia_ban], [so_luong], [trang_thai], [ngay_tao], [ngay_sua], [id_kich_thuoc], [id_mau_sac]) VALUES (500, 78, N'QR0498', CAST(580000.00 AS Decimal(12, 2)), 40, N'Hoạt động', CAST(N'2025-04-10T00:00:00.000' AS DateTime), CAST(N'2025-04-10T00:00:00.000' AS DateTime), 5, 6)
INSERT [dbo].[chi_tiet_san_pham] ([id_chi_tiet_san_pham], [id_san_pham], [qr_code], [gia_ban], [so_luong], [trang_thai], [ngay_tao], [ngay_sua], [id_kich_thuoc], [id_mau_sac]) VALUES (501, 79, N'QR0499', CAST(600000.00 AS Decimal(12, 2)), 30, N'Hoạt động', CAST(N'2025-04-10T00:00:00.000' AS DateTime), CAST(N'2025-04-10T00:00:00.000' AS DateTime), 3, 2)
INSERT [dbo].[chi_tiet_san_pham] ([id_chi_tiet_san_pham], [id_san_pham], [qr_code], [gia_ban], [so_luong], [trang_thai], [ngay_tao], [ngay_sua], [id_kich_thuoc], [id_mau_sac]) VALUES (502, 79, N'QR0500', CAST(600000.00 AS Decimal(12, 2)), 35, N'Hoạt động', CAST(N'2025-04-10T00:00:00.000' AS DateTime), CAST(N'2025-04-10T00:00:00.000' AS DateTime), 4, 2)
INSERT [dbo].[chi_tiet_san_pham] ([id_chi_tiet_san_pham], [id_san_pham], [qr_code], [gia_ban], [so_luong], [trang_thai], [ngay_tao], [ngay_sua], [id_kich_thuoc], [id_mau_sac]) VALUES (503, 79, N'QR0501', CAST(600000.00 AS Decimal(12, 2)), 25, N'Hoạt động', CAST(N'2025-04-10T00:00:00.000' AS DateTime), CAST(N'2025-04-10T00:00:00.000' AS DateTime), 3, 1)
INSERT [dbo].[chi_tiet_san_pham] ([id_chi_tiet_san_pham], [id_san_pham], [qr_code], [gia_ban], [so_luong], [trang_thai], [ngay_tao], [ngay_sua], [id_kich_thuoc], [id_mau_sac]) VALUES (504, 81, N'QR0502', CAST(450000.00 AS Decimal(12, 2)), 50, N'Hoạt động', CAST(N'2025-04-10T00:00:00.000' AS DateTime), CAST(N'2025-04-10T00:00:00.000' AS DateTime), 3, 1)
INSERT [dbo].[chi_tiet_san_pham] ([id_chi_tiet_san_pham], [id_san_pham], [qr_code], [gia_ban], [so_luong], [trang_thai], [ngay_tao], [ngay_sua], [id_kich_thuoc], [id_mau_sac]) VALUES (505, 81, N'QR0503', CAST(450000.00 AS Decimal(12, 2)), 55, N'Hoạt động', CAST(N'2025-04-10T00:00:00.000' AS DateTime), CAST(N'2025-04-10T00:00:00.000' AS DateTime), 4, 1)
INSERT [dbo].[chi_tiet_san_pham] ([id_chi_tiet_san_pham], [id_san_pham], [qr_code], [gia_ban], [so_luong], [trang_thai], [ngay_tao], [ngay_sua], [id_kich_thuoc], [id_mau_sac]) VALUES (506, 81, N'QR0504', CAST(450000.00 AS Decimal(12, 2)), 40, N'Hoạt động', CAST(N'2025-04-10T00:00:00.000' AS DateTime), CAST(N'2025-04-10T00:00:00.000' AS DateTime), 3, 3)
INSERT [dbo].[chi_tiet_san_pham] ([id_chi_tiet_san_pham], [id_san_pham], [qr_code], [gia_ban], [so_luong], [trang_thai], [ngay_tao], [ngay_sua], [id_kich_thuoc], [id_mau_sac]) VALUES (507, 82, N'QR0505', CAST(900000.00 AS Decimal(12, 2)), 35, N'Hoạt động', CAST(N'2025-04-10T00:00:00.000' AS DateTime), CAST(N'2025-04-10T00:00:00.000' AS DateTime), 2, 1)
INSERT [dbo].[chi_tiet_san_pham] ([id_chi_tiet_san_pham], [id_san_pham], [qr_code], [gia_ban], [so_luong], [trang_thai], [ngay_tao], [ngay_sua], [id_kich_thuoc], [id_mau_sac]) VALUES (508, 82, N'QR0506', CAST(900000.00 AS Decimal(12, 2)), 45, N'Hoạt động', CAST(N'2025-04-10T00:00:00.000' AS DateTime), CAST(N'2025-04-10T00:00:00.000' AS DateTime), 3, 1)
INSERT [dbo].[chi_tiet_san_pham] ([id_chi_tiet_san_pham], [id_san_pham], [qr_code], [gia_ban], [so_luong], [trang_thai], [ngay_tao], [ngay_sua], [id_kich_thuoc], [id_mau_sac]) VALUES (509, 82, N'QR0507', CAST(900000.00 AS Decimal(12, 2)), 40, N'Hoạt động', CAST(N'2025-04-10T00:00:00.000' AS DateTime), CAST(N'2025-04-10T00:00:00.000' AS DateTime), 4, 1)
INSERT [dbo].[chi_tiet_san_pham] ([id_chi_tiet_san_pham], [id_san_pham], [qr_code], [gia_ban], [so_luong], [trang_thai], [ngay_tao], [ngay_sua], [id_kich_thuoc], [id_mau_sac]) VALUES (510, 82, N'QR0508', CAST(900000.00 AS Decimal(12, 2)), 30, N'Hoạt động', CAST(N'2025-04-10T00:00:00.000' AS DateTime), CAST(N'2025-04-10T00:00:00.000' AS DateTime), 3, 2)
INSERT [dbo].[chi_tiet_san_pham] ([id_chi_tiet_san_pham], [id_san_pham], [qr_code], [gia_ban], [so_luong], [trang_thai], [ngay_tao], [ngay_sua], [id_kich_thuoc], [id_mau_sac]) VALUES (511, 83, N'QR0509', CAST(850000.00 AS Decimal(12, 2)), 40, N'Hoạt động', CAST(N'2025-04-10T00:00:00.000' AS DateTime), CAST(N'2025-04-10T00:00:00.000' AS DateTime), 2, 1)
INSERT [dbo].[chi_tiet_san_pham] ([id_chi_tiet_san_pham], [id_san_pham], [qr_code], [gia_ban], [so_luong], [trang_thai], [ngay_tao], [ngay_sua], [id_kich_thuoc], [id_mau_sac]) VALUES (512, 83, N'QR0510', CAST(850000.00 AS Decimal(12, 2)), 50, N'Hoạt động', CAST(N'2025-04-10T00:00:00.000' AS DateTime), CAST(N'2025-04-10T00:00:00.000' AS DateTime), 3, 1)
INSERT [dbo].[chi_tiet_san_pham] ([id_chi_tiet_san_pham], [id_san_pham], [qr_code], [gia_ban], [so_luong], [trang_thai], [ngay_tao], [ngay_sua], [id_kich_thuoc], [id_mau_sac]) VALUES (513, 83, N'QR0511', CAST(850000.00 AS Decimal(12, 2)), 45, N'Hoạt động', CAST(N'2025-04-10T00:00:00.000' AS DateTime), CAST(N'2025-04-10T00:00:00.000' AS DateTime), 4, 1)
INSERT [dbo].[chi_tiet_san_pham] ([id_chi_tiet_san_pham], [id_san_pham], [qr_code], [gia_ban], [so_luong], [trang_thai], [ngay_tao], [ngay_sua], [id_kich_thuoc], [id_mau_sac]) VALUES (514, 83, N'QR0512', CAST(850000.00 AS Decimal(12, 2)), 35, N'Hoạt động', CAST(N'2025-04-10T00:00:00.000' AS DateTime), CAST(N'2025-04-10T00:00:00.000' AS DateTime), 3, 4)
INSERT [dbo].[chi_tiet_san_pham] ([id_chi_tiet_san_pham], [id_san_pham], [qr_code], [gia_ban], [so_luong], [trang_thai], [ngay_tao], [ngay_sua], [id_kich_thuoc], [id_mau_sac]) VALUES (515, 85, N'QR0513', CAST(1200000.00 AS Decimal(12, 2)), 30, N'Hoạt động', CAST(N'2025-04-10T00:00:00.000' AS DateTime), CAST(N'2025-04-10T00:00:00.000' AS DateTime), 3, 3)
INSERT [dbo].[chi_tiet_san_pham] ([id_chi_tiet_san_pham], [id_san_pham], [qr_code], [gia_ban], [so_luong], [trang_thai], [ngay_tao], [ngay_sua], [id_kich_thuoc], [id_mau_sac]) VALUES (516, 85, N'QR0514', CAST(1200000.00 AS Decimal(12, 2)), 40, N'Hoạt động', CAST(N'2025-04-10T00:00:00.000' AS DateTime), CAST(N'2025-04-10T00:00:00.000' AS DateTime), 4, 3)
INSERT [dbo].[chi_tiet_san_pham] ([id_chi_tiet_san_pham], [id_san_pham], [qr_code], [gia_ban], [so_luong], [trang_thai], [ngay_tao], [ngay_sua], [id_kich_thuoc], [id_mau_sac]) VALUES (517, 85, N'QR0515', CAST(1200000.00 AS Decimal(12, 2)), 35, N'Hoạt động', CAST(N'2025-04-10T00:00:00.000' AS DateTime), CAST(N'2025-04-10T00:00:00.000' AS DateTime), 5, 3)
INSERT [dbo].[chi_tiet_san_pham] ([id_chi_tiet_san_pham], [id_san_pham], [qr_code], [gia_ban], [so_luong], [trang_thai], [ngay_tao], [ngay_sua], [id_kich_thuoc], [id_mau_sac]) VALUES (518, 85, N'QR0516', CAST(1200000.00 AS Decimal(12, 2)), 25, N'Hoạt động', CAST(N'2025-04-10T00:00:00.000' AS DateTime), CAST(N'2025-04-10T00:00:00.000' AS DateTime), 3, 1)
INSERT [dbo].[chi_tiet_san_pham] ([id_chi_tiet_san_pham], [id_san_pham], [qr_code], [gia_ban], [so_luong], [trang_thai], [ngay_tao], [ngay_sua], [id_kich_thuoc], [id_mau_sac]) VALUES (519, 86, N'QR0517', CAST(1100000.00 AS Decimal(12, 2)), 28, N'Hoạt động', CAST(N'2025-04-10T00:00:00.000' AS DateTime), CAST(N'2025-04-10T00:00:00.000' AS DateTime), 3, 1)
INSERT [dbo].[chi_tiet_san_pham] ([id_chi_tiet_san_pham], [id_san_pham], [qr_code], [gia_ban], [so_luong], [trang_thai], [ngay_tao], [ngay_sua], [id_kich_thuoc], [id_mau_sac]) VALUES (520, 86, N'QR0518', CAST(1100000.00 AS Decimal(12, 2)), 38, N'Hoạt động', CAST(N'2025-04-10T00:00:00.000' AS DateTime), CAST(N'2025-04-10T00:00:00.000' AS DateTime), 4, 1)
GO
INSERT [dbo].[chi_tiet_san_pham] ([id_chi_tiet_san_pham], [id_san_pham], [qr_code], [gia_ban], [so_luong], [trang_thai], [ngay_tao], [ngay_sua], [id_kich_thuoc], [id_mau_sac]) VALUES (521, 86, N'QR0519', CAST(1100000.00 AS Decimal(12, 2)), 32, N'Hoạt động', CAST(N'2025-04-10T00:00:00.000' AS DateTime), CAST(N'2025-04-10T00:00:00.000' AS DateTime), 5, 1)
INSERT [dbo].[chi_tiet_san_pham] ([id_chi_tiet_san_pham], [id_san_pham], [qr_code], [gia_ban], [so_luong], [trang_thai], [ngay_tao], [ngay_sua], [id_kich_thuoc], [id_mau_sac]) VALUES (522, 89, N'QR0520', CAST(750000.00 AS Decimal(12, 2)), 45, N'Hoạt động', CAST(N'2025-04-10T00:00:00.000' AS DateTime), CAST(N'2025-04-10T00:00:00.000' AS DateTime), 3, 1)
INSERT [dbo].[chi_tiet_san_pham] ([id_chi_tiet_san_pham], [id_san_pham], [qr_code], [gia_ban], [so_luong], [trang_thai], [ngay_tao], [ngay_sua], [id_kich_thuoc], [id_mau_sac]) VALUES (523, 89, N'QR0521', CAST(750000.00 AS Decimal(12, 2)), 55, N'Hoạt động', CAST(N'2025-04-10T00:00:00.000' AS DateTime), CAST(N'2025-04-10T00:00:00.000' AS DateTime), 4, 1)
INSERT [dbo].[chi_tiet_san_pham] ([id_chi_tiet_san_pham], [id_san_pham], [qr_code], [gia_ban], [so_luong], [trang_thai], [ngay_tao], [ngay_sua], [id_kich_thuoc], [id_mau_sac]) VALUES (524, 89, N'QR0522', CAST(750000.00 AS Decimal(12, 2)), 40, N'Hoạt động', CAST(N'2025-04-10T00:00:00.000' AS DateTime), CAST(N'2025-04-10T00:00:00.000' AS DateTime), 3, 3)
INSERT [dbo].[chi_tiet_san_pham] ([id_chi_tiet_san_pham], [id_san_pham], [qr_code], [gia_ban], [so_luong], [trang_thai], [ngay_tao], [ngay_sua], [id_kich_thuoc], [id_mau_sac]) VALUES (525, 92, N'QR0523', CAST(950000.00 AS Decimal(12, 2)), 35, N'Hoạt động', CAST(N'2025-04-10T00:00:00.000' AS DateTime), CAST(N'2025-04-10T00:00:00.000' AS DateTime), 3, 1)
INSERT [dbo].[chi_tiet_san_pham] ([id_chi_tiet_san_pham], [id_san_pham], [qr_code], [gia_ban], [so_luong], [trang_thai], [ngay_tao], [ngay_sua], [id_kich_thuoc], [id_mau_sac]) VALUES (526, 92, N'QR0524', CAST(950000.00 AS Decimal(12, 2)), 45, N'Hoạt động', CAST(N'2025-04-10T00:00:00.000' AS DateTime), CAST(N'2025-04-10T00:00:00.000' AS DateTime), 4, 1)
INSERT [dbo].[chi_tiet_san_pham] ([id_chi_tiet_san_pham], [id_san_pham], [qr_code], [gia_ban], [so_luong], [trang_thai], [ngay_tao], [ngay_sua], [id_kich_thuoc], [id_mau_sac]) VALUES (527, 92, N'QR0525', CAST(950000.00 AS Decimal(12, 2)), 30, N'Hoạt động', CAST(N'2025-04-10T00:00:00.000' AS DateTime), CAST(N'2025-04-10T00:00:00.000' AS DateTime), 3, 3)
INSERT [dbo].[chi_tiet_san_pham] ([id_chi_tiet_san_pham], [id_san_pham], [qr_code], [gia_ban], [so_luong], [trang_thai], [ngay_tao], [ngay_sua], [id_kich_thuoc], [id_mau_sac]) VALUES (528, 94, N'QR0526', CAST(1000000.00 AS Decimal(12, 2)), 40, N'Hoạt động', CAST(N'2025-04-10T00:00:00.000' AS DateTime), CAST(N'2025-04-10T00:00:00.000' AS DateTime), 2, 1)
INSERT [dbo].[chi_tiet_san_pham] ([id_chi_tiet_san_pham], [id_san_pham], [qr_code], [gia_ban], [so_luong], [trang_thai], [ngay_tao], [ngay_sua], [id_kich_thuoc], [id_mau_sac]) VALUES (529, 94, N'QR0527', CAST(1000000.00 AS Decimal(12, 2)), 50, N'Hoạt động', CAST(N'2025-04-10T00:00:00.000' AS DateTime), CAST(N'2025-04-10T00:00:00.000' AS DateTime), 3, 1)
INSERT [dbo].[chi_tiet_san_pham] ([id_chi_tiet_san_pham], [id_san_pham], [qr_code], [gia_ban], [so_luong], [trang_thai], [ngay_tao], [ngay_sua], [id_kich_thuoc], [id_mau_sac]) VALUES (530, 94, N'QR0528', CAST(1000000.00 AS Decimal(12, 2)), 45, N'Hoạt động', CAST(N'2025-04-10T00:00:00.000' AS DateTime), CAST(N'2025-04-10T00:00:00.000' AS DateTime), 4, 1)
INSERT [dbo].[chi_tiet_san_pham] ([id_chi_tiet_san_pham], [id_san_pham], [qr_code], [gia_ban], [so_luong], [trang_thai], [ngay_tao], [ngay_sua], [id_kich_thuoc], [id_mau_sac]) VALUES (531, 94, N'QR0529', CAST(1000000.00 AS Decimal(12, 2)), 30, N'Hoạt động', CAST(N'2025-04-10T00:00:00.000' AS DateTime), CAST(N'2025-04-10T00:00:00.000' AS DateTime), 3, 4)
INSERT [dbo].[chi_tiet_san_pham] ([id_chi_tiet_san_pham], [id_san_pham], [qr_code], [gia_ban], [so_luong], [trang_thai], [ngay_tao], [ngay_sua], [id_kich_thuoc], [id_mau_sac]) VALUES (532, 95, N'QR0530', CAST(850000.00 AS Decimal(12, 2)), 35, N'Hoạt động', CAST(N'2025-04-10T00:00:00.000' AS DateTime), CAST(N'2025-04-10T00:00:00.000' AS DateTime), 2, 1)
INSERT [dbo].[chi_tiet_san_pham] ([id_chi_tiet_san_pham], [id_san_pham], [qr_code], [gia_ban], [so_luong], [trang_thai], [ngay_tao], [ngay_sua], [id_kich_thuoc], [id_mau_sac]) VALUES (533, 95, N'QR0531', CAST(850000.00 AS Decimal(12, 2)), 45, N'Hoạt động', CAST(N'2025-04-10T00:00:00.000' AS DateTime), CAST(N'2025-04-10T00:00:00.000' AS DateTime), 3, 1)
INSERT [dbo].[chi_tiet_san_pham] ([id_chi_tiet_san_pham], [id_san_pham], [qr_code], [gia_ban], [so_luong], [trang_thai], [ngay_tao], [ngay_sua], [id_kich_thuoc], [id_mau_sac]) VALUES (534, 95, N'QR0532', CAST(850000.00 AS Decimal(12, 2)), 40, N'Hoạt động', CAST(N'2025-04-10T00:00:00.000' AS DateTime), CAST(N'2025-04-10T00:00:00.000' AS DateTime), 4, 1)
INSERT [dbo].[chi_tiet_san_pham] ([id_chi_tiet_san_pham], [id_san_pham], [qr_code], [gia_ban], [so_luong], [trang_thai], [ngay_tao], [ngay_sua], [id_kich_thuoc], [id_mau_sac]) VALUES (535, 97, N'QR0533', CAST(680000.00 AS Decimal(12, 2)), 30, N'Hoạt động', CAST(N'2025-04-10T00:00:00.000' AS DateTime), CAST(N'2025-04-10T00:00:00.000' AS DateTime), 3, 1)
INSERT [dbo].[chi_tiet_san_pham] ([id_chi_tiet_san_pham], [id_san_pham], [qr_code], [gia_ban], [so_luong], [trang_thai], [ngay_tao], [ngay_sua], [id_kich_thuoc], [id_mau_sac]) VALUES (536, 97, N'QR0534', CAST(680000.00 AS Decimal(12, 2)), 40, N'Hoạt động', CAST(N'2025-04-10T00:00:00.000' AS DateTime), CAST(N'2025-04-10T00:00:00.000' AS DateTime), 4, 1)
INSERT [dbo].[chi_tiet_san_pham] ([id_chi_tiet_san_pham], [id_san_pham], [qr_code], [gia_ban], [so_luong], [trang_thai], [ngay_tao], [ngay_sua], [id_kich_thuoc], [id_mau_sac]) VALUES (537, 97, N'QR0535', CAST(680000.00 AS Decimal(12, 2)), 35, N'Hoạt động', CAST(N'2025-04-10T00:00:00.000' AS DateTime), CAST(N'2025-04-10T00:00:00.000' AS DateTime), 3, 5)
INSERT [dbo].[chi_tiet_san_pham] ([id_chi_tiet_san_pham], [id_san_pham], [qr_code], [gia_ban], [so_luong], [trang_thai], [ngay_tao], [ngay_sua], [id_kich_thuoc], [id_mau_sac]) VALUES (538, 98, N'QR0536', CAST(700000.00 AS Decimal(12, 2)), 25, N'Hoạt động', CAST(N'2025-04-10T00:00:00.000' AS DateTime), CAST(N'2025-04-10T00:00:00.000' AS DateTime), 3, 1)
INSERT [dbo].[chi_tiet_san_pham] ([id_chi_tiet_san_pham], [id_san_pham], [qr_code], [gia_ban], [so_luong], [trang_thai], [ngay_tao], [ngay_sua], [id_kich_thuoc], [id_mau_sac]) VALUES (539, 98, N'QR0537', CAST(700000.00 AS Decimal(12, 2)), 30, N'Hoạt động', CAST(N'2025-04-10T00:00:00.000' AS DateTime), CAST(N'2025-04-10T00:00:00.000' AS DateTime), 4, 1)
INSERT [dbo].[chi_tiet_san_pham] ([id_chi_tiet_san_pham], [id_san_pham], [qr_code], [gia_ban], [so_luong], [trang_thai], [ngay_tao], [ngay_sua], [id_kich_thuoc], [id_mau_sac]) VALUES (540, 98, N'QR0538', CAST(700000.00 AS Decimal(12, 2)), 20, N'Hoạt động', CAST(N'2025-04-10T00:00:00.000' AS DateTime), CAST(N'2025-04-10T00:00:00.000' AS DateTime), 3, 3)
INSERT [dbo].[chi_tiet_san_pham] ([id_chi_tiet_san_pham], [id_san_pham], [qr_code], [gia_ban], [so_luong], [trang_thai], [ngay_tao], [ngay_sua], [id_kich_thuoc], [id_mau_sac]) VALUES (541, 100, N'QR0539', CAST(700000.00 AS Decimal(12, 2)), 40, N'Hoạt động', CAST(N'2025-04-10T00:00:00.000' AS DateTime), CAST(N'2025-04-10T00:00:00.000' AS DateTime), 3, 1)
INSERT [dbo].[chi_tiet_san_pham] ([id_chi_tiet_san_pham], [id_san_pham], [qr_code], [gia_ban], [so_luong], [trang_thai], [ngay_tao], [ngay_sua], [id_kich_thuoc], [id_mau_sac]) VALUES (542, 100, N'QR0540', CAST(700000.00 AS Decimal(12, 2)), 50, N'Hoạt động', CAST(N'2025-04-10T00:00:00.000' AS DateTime), CAST(N'2025-04-10T00:00:00.000' AS DateTime), 4, 1)
INSERT [dbo].[chi_tiet_san_pham] ([id_chi_tiet_san_pham], [id_san_pham], [qr_code], [gia_ban], [so_luong], [trang_thai], [ngay_tao], [ngay_sua], [id_kich_thuoc], [id_mau_sac]) VALUES (543, 100, N'QR0541', CAST(700000.00 AS Decimal(12, 2)), 45, N'Hoạt động', CAST(N'2025-04-10T00:00:00.000' AS DateTime), CAST(N'2025-04-10T00:00:00.000' AS DateTime), 5, 1)
INSERT [dbo].[chi_tiet_san_pham] ([id_chi_tiet_san_pham], [id_san_pham], [qr_code], [gia_ban], [so_luong], [trang_thai], [ngay_tao], [ngay_sua], [id_kich_thuoc], [id_mau_sac]) VALUES (544, 101, N'QR0542', CAST(780000.00 AS Decimal(12, 2)), 35, N'Hoạt động', CAST(N'2025-04-10T00:00:00.000' AS DateTime), CAST(N'2025-04-10T00:00:00.000' AS DateTime), 3, 1)
INSERT [dbo].[chi_tiet_san_pham] ([id_chi_tiet_san_pham], [id_san_pham], [qr_code], [gia_ban], [so_luong], [trang_thai], [ngay_tao], [ngay_sua], [id_kich_thuoc], [id_mau_sac]) VALUES (545, 101, N'QR0543', CAST(780000.00 AS Decimal(12, 2)), 45, N'Hoạt động', CAST(N'2025-04-10T00:00:00.000' AS DateTime), CAST(N'2025-04-10T00:00:00.000' AS DateTime), 4, 1)
INSERT [dbo].[chi_tiet_san_pham] ([id_chi_tiet_san_pham], [id_san_pham], [qr_code], [gia_ban], [so_luong], [trang_thai], [ngay_tao], [ngay_sua], [id_kich_thuoc], [id_mau_sac]) VALUES (546, 101, N'QR0544', CAST(780000.00 AS Decimal(12, 2)), 40, N'Hoạt động', CAST(N'2025-04-10T00:00:00.000' AS DateTime), CAST(N'2025-04-10T00:00:00.000' AS DateTime), 3, 3)
INSERT [dbo].[chi_tiet_san_pham] ([id_chi_tiet_san_pham], [id_san_pham], [qr_code], [gia_ban], [so_luong], [trang_thai], [ngay_tao], [ngay_sua], [id_kich_thuoc], [id_mau_sac]) VALUES (547, 103, N'QR0545', CAST(650000.00 AS Decimal(12, 2)), 40, N'Hoạt động', CAST(N'2025-04-10T00:00:00.000' AS DateTime), CAST(N'2025-04-10T00:00:00.000' AS DateTime), 2, 1)
INSERT [dbo].[chi_tiet_san_pham] ([id_chi_tiet_san_pham], [id_san_pham], [qr_code], [gia_ban], [so_luong], [trang_thai], [ngay_tao], [ngay_sua], [id_kich_thuoc], [id_mau_sac]) VALUES (548, 103, N'QR0546', CAST(650000.00 AS Decimal(12, 2)), 50, N'Hoạt động', CAST(N'2025-04-10T00:00:00.000' AS DateTime), CAST(N'2025-04-10T00:00:00.000' AS DateTime), 3, 1)
INSERT [dbo].[chi_tiet_san_pham] ([id_chi_tiet_san_pham], [id_san_pham], [qr_code], [gia_ban], [so_luong], [trang_thai], [ngay_tao], [ngay_sua], [id_kich_thuoc], [id_mau_sac]) VALUES (549, 103, N'QR0547', CAST(650000.00 AS Decimal(12, 2)), 45, N'Hoạt động', CAST(N'2025-04-10T00:00:00.000' AS DateTime), CAST(N'2025-04-10T00:00:00.000' AS DateTime), 4, 1)
INSERT [dbo].[chi_tiet_san_pham] ([id_chi_tiet_san_pham], [id_san_pham], [qr_code], [gia_ban], [so_luong], [trang_thai], [ngay_tao], [ngay_sua], [id_kich_thuoc], [id_mau_sac]) VALUES (550, 104, N'QR0548', CAST(1100000.00 AS Decimal(12, 2)), 35, N'Hoạt động', CAST(N'2025-04-10T00:00:00.000' AS DateTime), CAST(N'2025-04-10T00:00:00.000' AS DateTime), 2, 1)
INSERT [dbo].[chi_tiet_san_pham] ([id_chi_tiet_san_pham], [id_san_pham], [qr_code], [gia_ban], [so_luong], [trang_thai], [ngay_tao], [ngay_sua], [id_kich_thuoc], [id_mau_sac]) VALUES (551, 104, N'QR0549', CAST(1100000.00 AS Decimal(12, 2)), 45, N'Hoạt động', CAST(N'2025-04-10T00:00:00.000' AS DateTime), CAST(N'2025-04-10T00:00:00.000' AS DateTime), 3, 1)
INSERT [dbo].[chi_tiet_san_pham] ([id_chi_tiet_san_pham], [id_san_pham], [qr_code], [gia_ban], [so_luong], [trang_thai], [ngay_tao], [ngay_sua], [id_kich_thuoc], [id_mau_sac]) VALUES (552, 104, N'QR0550', CAST(1100000.00 AS Decimal(12, 2)), 40, N'Hoạt động', CAST(N'2025-04-10T00:00:00.000' AS DateTime), CAST(N'2025-04-10T00:00:00.000' AS DateTime), 4, 1)
INSERT [dbo].[chi_tiet_san_pham] ([id_chi_tiet_san_pham], [id_san_pham], [qr_code], [gia_ban], [so_luong], [trang_thai], [ngay_tao], [ngay_sua], [id_kich_thuoc], [id_mau_sac]) VALUES (553, 106, N'QR0551', CAST(2800000.00 AS Decimal(12, 2)), 18, N'Hoạt động', CAST(N'2025-04-10T00:00:00.000' AS DateTime), CAST(N'2025-04-10T00:00:00.000' AS DateTime), 2, 6)
INSERT [dbo].[chi_tiet_san_pham] ([id_chi_tiet_san_pham], [id_san_pham], [qr_code], [gia_ban], [so_luong], [trang_thai], [ngay_tao], [ngay_sua], [id_kich_thuoc], [id_mau_sac]) VALUES (554, 106, N'QR0552', CAST(2800000.00 AS Decimal(12, 2)), 22, N'Hoạt động', CAST(N'2025-04-10T00:00:00.000' AS DateTime), CAST(N'2025-04-10T00:00:00.000' AS DateTime), 3, 6)
INSERT [dbo].[chi_tiet_san_pham] ([id_chi_tiet_san_pham], [id_san_pham], [qr_code], [gia_ban], [so_luong], [trang_thai], [ngay_tao], [ngay_sua], [id_kich_thuoc], [id_mau_sac]) VALUES (555, 106, N'QR0553', CAST(2800000.00 AS Decimal(12, 2)), 20, N'Hoạt động', CAST(N'2025-04-10T00:00:00.000' AS DateTime), CAST(N'2025-04-10T00:00:00.000' AS DateTime), 4, 6)
INSERT [dbo].[chi_tiet_san_pham] ([id_chi_tiet_san_pham], [id_san_pham], [qr_code], [gia_ban], [so_luong], [trang_thai], [ngay_tao], [ngay_sua], [id_kich_thuoc], [id_mau_sac]) VALUES (556, 107, N'QR0554', CAST(1500000.00 AS Decimal(12, 2)), 15, N'Hoạt động', CAST(N'2025-04-10T00:00:00.000' AS DateTime), CAST(N'2025-04-10T00:00:00.000' AS DateTime), 3, 11)
INSERT [dbo].[chi_tiet_san_pham] ([id_chi_tiet_san_pham], [id_san_pham], [qr_code], [gia_ban], [so_luong], [trang_thai], [ngay_tao], [ngay_sua], [id_kich_thuoc], [id_mau_sac]) VALUES (557, 107, N'QR0555', CAST(1500000.00 AS Decimal(12, 2)), 18, N'Hoạt động', CAST(N'2025-04-10T00:00:00.000' AS DateTime), CAST(N'2025-04-10T00:00:00.000' AS DateTime), 4, 11)
INSERT [dbo].[chi_tiet_san_pham] ([id_chi_tiet_san_pham], [id_san_pham], [qr_code], [gia_ban], [so_luong], [trang_thai], [ngay_tao], [ngay_sua], [id_kich_thuoc], [id_mau_sac]) VALUES (558, 107, N'QR0556', CAST(1500000.00 AS Decimal(12, 2)), 12, N'Hoạt động', CAST(N'2025-04-10T00:00:00.000' AS DateTime), CAST(N'2025-04-10T00:00:00.000' AS DateTime), 5, 11)
INSERT [dbo].[chi_tiet_san_pham] ([id_chi_tiet_san_pham], [id_san_pham], [qr_code], [gia_ban], [so_luong], [trang_thai], [ngay_tao], [ngay_sua], [id_kich_thuoc], [id_mau_sac]) VALUES (559, 108, N'QR0557', CAST(600000.00 AS Decimal(12, 2)), 20, N'Không hoạt động', CAST(N'2025-04-10T00:00:00.000' AS DateTime), CAST(N'2025-04-10T00:00:00.000' AS DateTime), 3, 1)
INSERT [dbo].[chi_tiet_san_pham] ([id_chi_tiet_san_pham], [id_san_pham], [qr_code], [gia_ban], [so_luong], [trang_thai], [ngay_tao], [ngay_sua], [id_kich_thuoc], [id_mau_sac]) VALUES (560, 108, N'QR0558', CAST(600000.00 AS Decimal(12, 2)), 25, N'Không hoạt động', CAST(N'2025-04-10T00:00:00.000' AS DateTime), CAST(N'2025-04-10T00:00:00.000' AS DateTime), 4, 1)
INSERT [dbo].[chi_tiet_san_pham] ([id_chi_tiet_san_pham], [id_san_pham], [qr_code], [gia_ban], [so_luong], [trang_thai], [ngay_tao], [ngay_sua], [id_kich_thuoc], [id_mau_sac]) VALUES (561, 109, N'QR0559', CAST(1200000.00 AS Decimal(12, 2)), 15, N'Hoạt động', CAST(N'2025-04-10T00:00:00.000' AS DateTime), CAST(N'2025-04-10T00:00:00.000' AS DateTime), 3, 13)
INSERT [dbo].[chi_tiet_san_pham] ([id_chi_tiet_san_pham], [id_san_pham], [qr_code], [gia_ban], [so_luong], [trang_thai], [ngay_tao], [ngay_sua], [id_kich_thuoc], [id_mau_sac]) VALUES (562, 109, N'QR0560', CAST(1200000.00 AS Decimal(12, 2)), 18, N'Hoạt động', CAST(N'2025-04-10T00:00:00.000' AS DateTime), CAST(N'2025-04-10T00:00:00.000' AS DateTime), 4, 13)
INSERT [dbo].[chi_tiet_san_pham] ([id_chi_tiet_san_pham], [id_san_pham], [qr_code], [gia_ban], [so_luong], [trang_thai], [ngay_tao], [ngay_sua], [id_kich_thuoc], [id_mau_sac]) VALUES (563, 110, N'QR0561', CAST(900000.00 AS Decimal(12, 2)), 20, N'Hoạt động', CAST(N'2025-04-10T00:00:00.000' AS DateTime), CAST(N'2025-04-10T00:00:00.000' AS DateTime), 3, 6)
INSERT [dbo].[chi_tiet_san_pham] ([id_chi_tiet_san_pham], [id_san_pham], [qr_code], [gia_ban], [so_luong], [trang_thai], [ngay_tao], [ngay_sua], [id_kich_thuoc], [id_mau_sac]) VALUES (564, 110, N'QR0562', CAST(900000.00 AS Decimal(12, 2)), 25, N'Hoạt động', CAST(N'2025-04-10T00:00:00.000' AS DateTime), CAST(N'2025-04-10T00:00:00.000' AS DateTime), 4, 6)
INSERT [dbo].[chi_tiet_san_pham] ([id_chi_tiet_san_pham], [id_san_pham], [qr_code], [gia_ban], [so_luong], [trang_thai], [ngay_tao], [ngay_sua], [id_kich_thuoc], [id_mau_sac]) VALUES (565, 112, N'QR0563', CAST(1500000.00 AS Decimal(12, 2)), 18, N'Hoạt động', CAST(N'2025-04-10T00:00:00.000' AS DateTime), CAST(N'2025-04-10T00:00:00.000' AS DateTime), 3, 2)
INSERT [dbo].[chi_tiet_san_pham] ([id_chi_tiet_san_pham], [id_san_pham], [qr_code], [gia_ban], [so_luong], [trang_thai], [ngay_tao], [ngay_sua], [id_kich_thuoc], [id_mau_sac]) VALUES (566, 112, N'QR0564', CAST(1500000.00 AS Decimal(12, 2)), 22, N'Hoạt động', CAST(N'2025-04-10T00:00:00.000' AS DateTime), CAST(N'2025-04-10T00:00:00.000' AS DateTime), 4, 2)
INSERT [dbo].[chi_tiet_san_pham] ([id_chi_tiet_san_pham], [id_san_pham], [qr_code], [gia_ban], [so_luong], [trang_thai], [ngay_tao], [ngay_sua], [id_kich_thuoc], [id_mau_sac]) VALUES (567, 112, N'QR0565', CAST(1500000.00 AS Decimal(12, 2)), 15, N'Hoạt động', CAST(N'2025-04-10T00:00:00.000' AS DateTime), CAST(N'2025-04-10T00:00:00.000' AS DateTime), 3, 5)
INSERT [dbo].[chi_tiet_san_pham] ([id_chi_tiet_san_pham], [id_san_pham], [qr_code], [gia_ban], [so_luong], [trang_thai], [ngay_tao], [ngay_sua], [id_kich_thuoc], [id_mau_sac]) VALUES (568, 115, N'QR0566', CAST(500000.00 AS Decimal(12, 2)), 60, N'Hoạt động', CAST(N'2025-04-10T00:00:00.000' AS DateTime), CAST(N'2025-04-10T00:00:00.000' AS DateTime), 2, 1)
INSERT [dbo].[chi_tiet_san_pham] ([id_chi_tiet_san_pham], [id_san_pham], [qr_code], [gia_ban], [so_luong], [trang_thai], [ngay_tao], [ngay_sua], [id_kich_thuoc], [id_mau_sac]) VALUES (569, 115, N'QR0567', CAST(500000.00 AS Decimal(12, 2)), 70, N'Hoạt động', CAST(N'2025-04-10T00:00:00.000' AS DateTime), CAST(N'2025-04-10T00:00:00.000' AS DateTime), 3, 1)
INSERT [dbo].[chi_tiet_san_pham] ([id_chi_tiet_san_pham], [id_san_pham], [qr_code], [gia_ban], [so_luong], [trang_thai], [ngay_tao], [ngay_sua], [id_kich_thuoc], [id_mau_sac]) VALUES (570, 115, N'QR0568', CAST(500000.00 AS Decimal(12, 2)), 55, N'Hoạt động', CAST(N'2025-04-10T00:00:00.000' AS DateTime), CAST(N'2025-04-10T00:00:00.000' AS DateTime), 2, 9)
INSERT [dbo].[chi_tiet_san_pham] ([id_chi_tiet_san_pham], [id_san_pham], [qr_code], [gia_ban], [so_luong], [trang_thai], [ngay_tao], [ngay_sua], [id_kich_thuoc], [id_mau_sac]) VALUES (571, 115, N'QR0569', CAST(500000.00 AS Decimal(12, 2)), 65, N'Hoạt động', CAST(N'2025-04-10T00:00:00.000' AS DateTime), CAST(N'2025-04-10T00:00:00.000' AS DateTime), 3, 9)
INSERT [dbo].[chi_tiet_san_pham] ([id_chi_tiet_san_pham], [id_san_pham], [qr_code], [gia_ban], [so_luong], [trang_thai], [ngay_tao], [ngay_sua], [id_kich_thuoc], [id_mau_sac]) VALUES (572, 117, N'QR0570', CAST(700000.00 AS Decimal(12, 2)), 40, N'Hoạt động', CAST(N'2025-04-10T00:00:00.000' AS DateTime), CAST(N'2025-04-10T00:00:00.000' AS DateTime), 1, 1)
INSERT [dbo].[chi_tiet_san_pham] ([id_chi_tiet_san_pham], [id_san_pham], [qr_code], [gia_ban], [so_luong], [trang_thai], [ngay_tao], [ngay_sua], [id_kich_thuoc], [id_mau_sac]) VALUES (573, 117, N'QR0571', CAST(700000.00 AS Decimal(12, 2)), 50, N'Hoạt động', CAST(N'2025-04-10T00:00:00.000' AS DateTime), CAST(N'2025-04-10T00:00:00.000' AS DateTime), 2, 1)
INSERT [dbo].[chi_tiet_san_pham] ([id_chi_tiet_san_pham], [id_san_pham], [qr_code], [gia_ban], [so_luong], [trang_thai], [ngay_tao], [ngay_sua], [id_kich_thuoc], [id_mau_sac]) VALUES (574, 117, N'QR0572', CAST(700000.00 AS Decimal(12, 2)), 45, N'Hoạt động', CAST(N'2025-04-10T00:00:00.000' AS DateTime), CAST(N'2025-04-10T00:00:00.000' AS DateTime), 3, 1)
INSERT [dbo].[chi_tiet_san_pham] ([id_chi_tiet_san_pham], [id_san_pham], [qr_code], [gia_ban], [so_luong], [trang_thai], [ngay_tao], [ngay_sua], [id_kich_thuoc], [id_mau_sac]) VALUES (575, 117, N'QR0573', CAST(700000.00 AS Decimal(12, 2)), 30, N'Hoạt động', CAST(N'2025-04-10T00:00:00.000' AS DateTime), CAST(N'2025-04-10T00:00:00.000' AS DateTime), 2, 11)
INSERT [dbo].[chi_tiet_san_pham] ([id_chi_tiet_san_pham], [id_san_pham], [qr_code], [gia_ban], [so_luong], [trang_thai], [ngay_tao], [ngay_sua], [id_kich_thuoc], [id_mau_sac]) VALUES (576, 118, N'QR0574', CAST(850000.00 AS Decimal(12, 2)), 35, N'Hoạt động', CAST(N'2025-04-10T00:00:00.000' AS DateTime), CAST(N'2025-04-10T00:00:00.000' AS DateTime), 2, 1)
INSERT [dbo].[chi_tiet_san_pham] ([id_chi_tiet_san_pham], [id_san_pham], [qr_code], [gia_ban], [so_luong], [trang_thai], [ngay_tao], [ngay_sua], [id_kich_thuoc], [id_mau_sac]) VALUES (577, 118, N'QR0575', CAST(850000.00 AS Decimal(12, 2)), 40, N'Hoạt động', CAST(N'2025-04-10T00:00:00.000' AS DateTime), CAST(N'2025-04-10T00:00:00.000' AS DateTime), 3, 1)
INSERT [dbo].[chi_tiet_san_pham] ([id_chi_tiet_san_pham], [id_san_pham], [qr_code], [gia_ban], [so_luong], [trang_thai], [ngay_tao], [ngay_sua], [id_kich_thuoc], [id_mau_sac]) VALUES (578, 118, N'QR0576', CAST(850000.00 AS Decimal(12, 2)), 30, N'Hoạt động', CAST(N'2025-04-10T00:00:00.000' AS DateTime), CAST(N'2025-04-10T00:00:00.000' AS DateTime), 2, 15)
INSERT [dbo].[chi_tiet_san_pham] ([id_chi_tiet_san_pham], [id_san_pham], [qr_code], [gia_ban], [so_luong], [trang_thai], [ngay_tao], [ngay_sua], [id_kich_thuoc], [id_mau_sac]) VALUES (579, 119, N'QR0577', CAST(650000.00 AS Decimal(12, 2)), 45, N'Hoạt động', CAST(N'2025-04-10T00:00:00.000' AS DateTime), CAST(N'2025-04-10T00:00:00.000' AS DateTime), 2, 3)
INSERT [dbo].[chi_tiet_san_pham] ([id_chi_tiet_san_pham], [id_san_pham], [qr_code], [gia_ban], [so_luong], [trang_thai], [ngay_tao], [ngay_sua], [id_kich_thuoc], [id_mau_sac]) VALUES (580, 119, N'QR0578', CAST(650000.00 AS Decimal(12, 2)), 50, N'Hoạt động', CAST(N'2025-04-10T00:00:00.000' AS DateTime), CAST(N'2025-04-10T00:00:00.000' AS DateTime), 3, 3)
INSERT [dbo].[chi_tiet_san_pham] ([id_chi_tiet_san_pham], [id_san_pham], [qr_code], [gia_ban], [so_luong], [trang_thai], [ngay_tao], [ngay_sua], [id_kich_thuoc], [id_mau_sac]) VALUES (581, 119, N'QR0579', CAST(650000.00 AS Decimal(12, 2)), 40, N'Hoạt động', CAST(N'2025-04-10T00:00:00.000' AS DateTime), CAST(N'2025-04-10T00:00:00.000' AS DateTime), 4, 3)
INSERT [dbo].[chi_tiet_san_pham] ([id_chi_tiet_san_pham], [id_san_pham], [qr_code], [gia_ban], [so_luong], [trang_thai], [ngay_tao], [ngay_sua], [id_kich_thuoc], [id_mau_sac]) VALUES (582, 121, N'QR0580', CAST(1300000.00 AS Decimal(12, 2)), 25, N'Hoạt động', CAST(N'2025-04-10T00:00:00.000' AS DateTime), CAST(N'2025-04-10T00:00:00.000' AS DateTime), 2, 1)
INSERT [dbo].[chi_tiet_san_pham] ([id_chi_tiet_san_pham], [id_san_pham], [qr_code], [gia_ban], [so_luong], [trang_thai], [ngay_tao], [ngay_sua], [id_kich_thuoc], [id_mau_sac]) VALUES (583, 121, N'QR0581', CAST(1300000.00 AS Decimal(12, 2)), 30, N'Hoạt động', CAST(N'2025-04-10T00:00:00.000' AS DateTime), CAST(N'2025-04-10T00:00:00.000' AS DateTime), 3, 1)
INSERT [dbo].[chi_tiet_san_pham] ([id_chi_tiet_san_pham], [id_san_pham], [qr_code], [gia_ban], [so_luong], [trang_thai], [ngay_tao], [ngay_sua], [id_kich_thuoc], [id_mau_sac]) VALUES (584, 121, N'QR0582', CAST(1300000.00 AS Decimal(12, 2)), 28, N'Hoạt động', CAST(N'2025-04-10T00:00:00.000' AS DateTime), CAST(N'2025-04-10T00:00:00.000' AS DateTime), 4, 1)
INSERT [dbo].[chi_tiet_san_pham] ([id_chi_tiet_san_pham], [id_san_pham], [qr_code], [gia_ban], [so_luong], [trang_thai], [ngay_tao], [ngay_sua], [id_kich_thuoc], [id_mau_sac]) VALUES (585, 121, N'QR0583', CAST(1300000.00 AS Decimal(12, 2)), 20, N'Hoạt động', CAST(N'2025-04-10T00:00:00.000' AS DateTime), CAST(N'2025-04-10T00:00:00.000' AS DateTime), 3, 3)
INSERT [dbo].[chi_tiet_san_pham] ([id_chi_tiet_san_pham], [id_san_pham], [qr_code], [gia_ban], [so_luong], [trang_thai], [ngay_tao], [ngay_sua], [id_kich_thuoc], [id_mau_sac]) VALUES (586, 122, N'QR0584', CAST(1000000.00 AS Decimal(12, 2)), 30, N'Hoạt động', CAST(N'2025-04-10T00:00:00.000' AS DateTime), CAST(N'2025-04-10T00:00:00.000' AS DateTime), 2, 12)
INSERT [dbo].[chi_tiet_san_pham] ([id_chi_tiet_san_pham], [id_san_pham], [qr_code], [gia_ban], [so_luong], [trang_thai], [ngay_tao], [ngay_sua], [id_kich_thuoc], [id_mau_sac]) VALUES (587, 122, N'QR0585', CAST(1000000.00 AS Decimal(12, 2)), 35, N'Hoạt động', CAST(N'2025-04-10T00:00:00.000' AS DateTime), CAST(N'2025-04-10T00:00:00.000' AS DateTime), 3, 12)
INSERT [dbo].[chi_tiet_san_pham] ([id_chi_tiet_san_pham], [id_san_pham], [qr_code], [gia_ban], [so_luong], [trang_thai], [ngay_tao], [ngay_sua], [id_kich_thuoc], [id_mau_sac]) VALUES (588, 122, N'QR0586', CAST(1000000.00 AS Decimal(12, 2)), 28, N'Hoạt động', CAST(N'2025-04-10T00:00:00.000' AS DateTime), CAST(N'2025-04-10T00:00:00.000' AS DateTime), 4, 12)
INSERT [dbo].[chi_tiet_san_pham] ([id_chi_tiet_san_pham], [id_san_pham], [qr_code], [gia_ban], [so_luong], [trang_thai], [ngay_tao], [ngay_sua], [id_kich_thuoc], [id_mau_sac]) VALUES (589, 125, N'QR0587', CAST(580000.00 AS Decimal(12, 2)), 50, N'Hoạt động', CAST(N'2025-04-10T00:00:00.000' AS DateTime), CAST(N'2025-04-10T00:00:00.000' AS DateTime), 1, 9)
INSERT [dbo].[chi_tiet_san_pham] ([id_chi_tiet_san_pham], [id_san_pham], [qr_code], [gia_ban], [so_luong], [trang_thai], [ngay_tao], [ngay_sua], [id_kich_thuoc], [id_mau_sac]) VALUES (590, 125, N'QR0588', CAST(580000.00 AS Decimal(12, 2)), 60, N'Hoạt động', CAST(N'2025-04-10T00:00:00.000' AS DateTime), CAST(N'2025-04-10T00:00:00.000' AS DateTime), 2, 9)
INSERT [dbo].[chi_tiet_san_pham] ([id_chi_tiet_san_pham], [id_san_pham], [qr_code], [gia_ban], [so_luong], [trang_thai], [ngay_tao], [ngay_sua], [id_kich_thuoc], [id_mau_sac]) VALUES (591, 125, N'QR0589', CAST(580000.00 AS Decimal(12, 2)), 55, N'Hoạt động', CAST(N'2025-04-10T00:00:00.000' AS DateTime), CAST(N'2025-04-10T00:00:00.000' AS DateTime), 3, 9)
INSERT [dbo].[chi_tiet_san_pham] ([id_chi_tiet_san_pham], [id_san_pham], [qr_code], [gia_ban], [so_luong], [trang_thai], [ngay_tao], [ngay_sua], [id_kich_thuoc], [id_mau_sac]) VALUES (592, 125, N'QR0590', CAST(580000.00 AS Decimal(12, 2)), 40, N'Hoạt động', CAST(N'2025-04-10T00:00:00.000' AS DateTime), CAST(N'2025-04-10T00:00:00.000' AS DateTime), 2, 5)
INSERT [dbo].[chi_tiet_san_pham] ([id_chi_tiet_san_pham], [id_san_pham], [qr_code], [gia_ban], [so_luong], [trang_thai], [ngay_tao], [ngay_sua], [id_kich_thuoc], [id_mau_sac]) VALUES (593, 127, N'QR0591', CAST(1300000.00 AS Decimal(12, 2)), 40, N'Hoạt động', CAST(N'2025-04-10T00:00:00.000' AS DateTime), CAST(N'2025-04-10T00:00:00.000' AS DateTime), 2, 1)
INSERT [dbo].[chi_tiet_san_pham] ([id_chi_tiet_san_pham], [id_san_pham], [qr_code], [gia_ban], [so_luong], [trang_thai], [ngay_tao], [ngay_sua], [id_kich_thuoc], [id_mau_sac]) VALUES (594, 127, N'QR0592', CAST(1300000.00 AS Decimal(12, 2)), 50, N'Hoạt động', CAST(N'2025-04-10T00:00:00.000' AS DateTime), CAST(N'2025-04-10T00:00:00.000' AS DateTime), 3, 1)
INSERT [dbo].[chi_tiet_san_pham] ([id_chi_tiet_san_pham], [id_san_pham], [qr_code], [gia_ban], [so_luong], [trang_thai], [ngay_tao], [ngay_sua], [id_kich_thuoc], [id_mau_sac]) VALUES (595, 127, N'QR0593', CAST(1300000.00 AS Decimal(12, 2)), 45, N'Hoạt động', CAST(N'2025-04-10T00:00:00.000' AS DateTime), CAST(N'2025-04-10T00:00:00.000' AS DateTime), 4, 1)
INSERT [dbo].[chi_tiet_san_pham] ([id_chi_tiet_san_pham], [id_san_pham], [qr_code], [gia_ban], [so_luong], [trang_thai], [ngay_tao], [ngay_sua], [id_kich_thuoc], [id_mau_sac]) VALUES (596, 128, N'QR0594', CAST(1400000.00 AS Decimal(12, 2)), 35, N'Hoạt động', CAST(N'2025-04-10T00:00:00.000' AS DateTime), CAST(N'2025-04-10T00:00:00.000' AS DateTime), 2, 1)
INSERT [dbo].[chi_tiet_san_pham] ([id_chi_tiet_san_pham], [id_san_pham], [qr_code], [gia_ban], [so_luong], [trang_thai], [ngay_tao], [ngay_sua], [id_kich_thuoc], [id_mau_sac]) VALUES (597, 128, N'QR0595', CAST(1400000.00 AS Decimal(12, 2)), 40, N'Hoạt động', CAST(N'2025-04-10T00:00:00.000' AS DateTime), CAST(N'2025-04-10T00:00:00.000' AS DateTime), 3, 1)
INSERT [dbo].[chi_tiet_san_pham] ([id_chi_tiet_san_pham], [id_san_pham], [qr_code], [gia_ban], [so_luong], [trang_thai], [ngay_tao], [ngay_sua], [id_kich_thuoc], [id_mau_sac]) VALUES (598, 128, N'QR0596', CAST(1400000.00 AS Decimal(12, 2)), 30, N'Hoạt động', CAST(N'2025-04-10T00:00:00.000' AS DateTime), CAST(N'2025-04-10T00:00:00.000' AS DateTime), 4, 1)
INSERT [dbo].[chi_tiet_san_pham] ([id_chi_tiet_san_pham], [id_san_pham], [qr_code], [gia_ban], [so_luong], [trang_thai], [ngay_tao], [ngay_sua], [id_kich_thuoc], [id_mau_sac]) VALUES (599, 130, N'QR0597', CAST(1200000.00 AS Decimal(12, 2)), 30, N'Hoạt động', CAST(N'2025-04-10T00:00:00.000' AS DateTime), CAST(N'2025-04-10T00:00:00.000' AS DateTime), 2, 3)
INSERT [dbo].[chi_tiet_san_pham] ([id_chi_tiet_san_pham], [id_san_pham], [qr_code], [gia_ban], [so_luong], [trang_thai], [ngay_tao], [ngay_sua], [id_kich_thuoc], [id_mau_sac]) VALUES (600, 130, N'QR0598', CAST(1200000.00 AS Decimal(12, 2)), 35, N'Hoạt động', CAST(N'2025-04-10T00:00:00.000' AS DateTime), CAST(N'2025-04-10T00:00:00.000' AS DateTime), 3, 3)
INSERT [dbo].[chi_tiet_san_pham] ([id_chi_tiet_san_pham], [id_san_pham], [qr_code], [gia_ban], [so_luong], [trang_thai], [ngay_tao], [ngay_sua], [id_kich_thuoc], [id_mau_sac]) VALUES (601, 130, N'QR0599', CAST(1200000.00 AS Decimal(12, 2)), 30, N'Hoạt động', CAST(N'2025-04-10T00:00:00.000' AS DateTime), CAST(N'2025-04-10T00:00:00.000' AS DateTime), 4, 3)
INSERT [dbo].[chi_tiet_san_pham] ([id_chi_tiet_san_pham], [id_san_pham], [qr_code], [gia_ban], [so_luong], [trang_thai], [ngay_tao], [ngay_sua], [id_kich_thuoc], [id_mau_sac]) VALUES (602, 131, N'QR0600', CAST(900000.00 AS Decimal(12, 2)), 25, N'Hoạt động', CAST(N'2025-04-10T00:00:00.000' AS DateTime), CAST(N'2025-04-10T00:00:00.000' AS DateTime), 2, 1)
INSERT [dbo].[chi_tiet_san_pham] ([id_chi_tiet_san_pham], [id_san_pham], [qr_code], [gia_ban], [so_luong], [trang_thai], [ngay_tao], [ngay_sua], [id_kich_thuoc], [id_mau_sac]) VALUES (603, 131, N'QR0601', CAST(900000.00 AS Decimal(12, 2)), 30, N'Hoạt động', CAST(N'2025-04-10T00:00:00.000' AS DateTime), CAST(N'2025-04-10T00:00:00.000' AS DateTime), 3, 1)
INSERT [dbo].[chi_tiet_san_pham] ([id_chi_tiet_san_pham], [id_san_pham], [qr_code], [gia_ban], [so_luong], [trang_thai], [ngay_tao], [ngay_sua], [id_kich_thuoc], [id_mau_sac]) VALUES (604, 131, N'QR0602', CAST(900000.00 AS Decimal(12, 2)), 28, N'Hoạt động', CAST(N'2025-04-10T00:00:00.000' AS DateTime), CAST(N'2025-04-10T00:00:00.000' AS DateTime), 4, 1)
INSERT [dbo].[chi_tiet_san_pham] ([id_chi_tiet_san_pham], [id_san_pham], [qr_code], [gia_ban], [so_luong], [trang_thai], [ngay_tao], [ngay_sua], [id_kich_thuoc], [id_mau_sac]) VALUES (608, 135, N'QR0606', CAST(1800000.00 AS Decimal(12, 2)), 30, N'Hoạt động', CAST(N'2025-04-10T00:00:00.000' AS DateTime), CAST(N'2025-04-10T00:00:00.000' AS DateTime), 1, 9)
INSERT [dbo].[chi_tiet_san_pham] ([id_chi_tiet_san_pham], [id_san_pham], [qr_code], [gia_ban], [so_luong], [trang_thai], [ngay_tao], [ngay_sua], [id_kich_thuoc], [id_mau_sac]) VALUES (609, 135, N'QR0607', CAST(1800000.00 AS Decimal(12, 2)), 35, N'Hoạt động', CAST(N'2025-04-10T00:00:00.000' AS DateTime), CAST(N'2025-04-10T00:00:00.000' AS DateTime), 2, 9)
INSERT [dbo].[chi_tiet_san_pham] ([id_chi_tiet_san_pham], [id_san_pham], [qr_code], [gia_ban], [so_luong], [trang_thai], [ngay_tao], [ngay_sua], [id_kich_thuoc], [id_mau_sac]) VALUES (610, 135, N'QR0608', CAST(1800000.00 AS Decimal(12, 2)), 30, N'Hoạt động', CAST(N'2025-04-10T00:00:00.000' AS DateTime), CAST(N'2025-04-10T00:00:00.000' AS DateTime), 3, 9)
INSERT [dbo].[chi_tiet_san_pham] ([id_chi_tiet_san_pham], [id_san_pham], [qr_code], [gia_ban], [so_luong], [trang_thai], [ngay_tao], [ngay_sua], [id_kich_thuoc], [id_mau_sac]) VALUES (611, 136, N'QR0609', CAST(1700000.00 AS Decimal(12, 2)), 28, N'Hoạt động', CAST(N'2025-04-10T00:00:00.000' AS DateTime), CAST(N'2025-04-10T00:00:00.000' AS DateTime), 2, 1)
INSERT [dbo].[chi_tiet_san_pham] ([id_chi_tiet_san_pham], [id_san_pham], [qr_code], [gia_ban], [so_luong], [trang_thai], [ngay_tao], [ngay_sua], [id_kich_thuoc], [id_mau_sac]) VALUES (612, 136, N'QR0610', CAST(1700000.00 AS Decimal(12, 2)), 33, N'Hoạt động', CAST(N'2025-04-10T00:00:00.000' AS DateTime), CAST(N'2025-04-10T00:00:00.000' AS DateTime), 3, 1)
INSERT [dbo].[chi_tiet_san_pham] ([id_chi_tiet_san_pham], [id_san_pham], [qr_code], [gia_ban], [so_luong], [trang_thai], [ngay_tao], [ngay_sua], [id_kich_thuoc], [id_mau_sac]) VALUES (613, 136, N'QR0611', CAST(1700000.00 AS Decimal(12, 2)), 25, N'Hoạt động', CAST(N'2025-04-10T00:00:00.000' AS DateTime), CAST(N'2025-04-10T00:00:00.000' AS DateTime), 4, 1)
INSERT [dbo].[chi_tiet_san_pham] ([id_chi_tiet_san_pham], [id_san_pham], [qr_code], [gia_ban], [so_luong], [trang_thai], [ngay_tao], [ngay_sua], [id_kich_thuoc], [id_mau_sac]) VALUES (614, 138, N'QR0612', CAST(900000.00 AS Decimal(12, 2)), 35, N'Hoạt động', CAST(N'2025-04-10T00:00:00.000' AS DateTime), CAST(N'2025-04-10T00:00:00.000' AS DateTime), 2, 2)
INSERT [dbo].[chi_tiet_san_pham] ([id_chi_tiet_san_pham], [id_san_pham], [qr_code], [gia_ban], [so_luong], [trang_thai], [ngay_tao], [ngay_sua], [id_kich_thuoc], [id_mau_sac]) VALUES (615, 138, N'QR0613', CAST(900000.00 AS Decimal(12, 2)), 40, N'Hoạt động', CAST(N'2025-04-10T00:00:00.000' AS DateTime), CAST(N'2025-04-10T00:00:00.000' AS DateTime), 3, 2)
INSERT [dbo].[chi_tiet_san_pham] ([id_chi_tiet_san_pham], [id_san_pham], [qr_code], [gia_ban], [so_luong], [trang_thai], [ngay_tao], [ngay_sua], [id_kich_thuoc], [id_mau_sac]) VALUES (616, 138, N'QR0614', CAST(900000.00 AS Decimal(12, 2)), 30, N'Hoạt động', CAST(N'2025-04-10T00:00:00.000' AS DateTime), CAST(N'2025-04-10T00:00:00.000' AS DateTime), 2, 1)
INSERT [dbo].[chi_tiet_san_pham] ([id_chi_tiet_san_pham], [id_san_pham], [qr_code], [gia_ban], [so_luong], [trang_thai], [ngay_tao], [ngay_sua], [id_kich_thuoc], [id_mau_sac]) VALUES (617, 139, N'QR0615', CAST(750000.00 AS Decimal(12, 2)), 30, N'Hoạt động', CAST(N'2025-04-10T00:00:00.000' AS DateTime), CAST(N'2025-04-10T00:00:00.000' AS DateTime), 2, 7)
INSERT [dbo].[chi_tiet_san_pham] ([id_chi_tiet_san_pham], [id_san_pham], [qr_code], [gia_ban], [so_luong], [trang_thai], [ngay_tao], [ngay_sua], [id_kich_thuoc], [id_mau_sac]) VALUES (618, 139, N'QR0616', CAST(750000.00 AS Decimal(12, 2)), 35, N'Hoạt động', CAST(N'2025-04-10T00:00:00.000' AS DateTime), CAST(N'2025-04-10T00:00:00.000' AS DateTime), 3, 7)
INSERT [dbo].[chi_tiet_san_pham] ([id_chi_tiet_san_pham], [id_san_pham], [qr_code], [gia_ban], [so_luong], [trang_thai], [ngay_tao], [ngay_sua], [id_kich_thuoc], [id_mau_sac]) VALUES (619, 140, N'QR0617', CAST(1200000.00 AS Decimal(12, 2)), 20, N'Hoạt động', CAST(N'2025-04-10T00:00:00.000' AS DateTime), CAST(N'2025-04-10T00:00:00.000' AS DateTime), 2, 1)
INSERT [dbo].[chi_tiet_san_pham] ([id_chi_tiet_san_pham], [id_san_pham], [qr_code], [gia_ban], [so_luong], [trang_thai], [ngay_tao], [ngay_sua], [id_kich_thuoc], [id_mau_sac]) VALUES (620, 140, N'QR0618', CAST(1200000.00 AS Decimal(12, 2)), 25, N'Hoạt động', CAST(N'2025-04-10T00:00:00.000' AS DateTime), CAST(N'2025-04-10T00:00:00.000' AS DateTime), 3, 2)
INSERT [dbo].[chi_tiet_san_pham] ([id_chi_tiet_san_pham], [id_san_pham], [qr_code], [gia_ban], [so_luong], [trang_thai], [ngay_tao], [ngay_sua], [id_kich_thuoc], [id_mau_sac]) VALUES (621, 143, N'QR0619', CAST(1500000.00 AS Decimal(12, 2)), 15, N'Hoạt động', CAST(N'2025-04-10T00:00:00.000' AS DateTime), CAST(N'2025-04-10T00:00:00.000' AS DateTime), 2, 4)
INSERT [dbo].[chi_tiet_san_pham] ([id_chi_tiet_san_pham], [id_san_pham], [qr_code], [gia_ban], [so_luong], [trang_thai], [ngay_tao], [ngay_sua], [id_kich_thuoc], [id_mau_sac]) VALUES (622, 143, N'QR0620', CAST(1500000.00 AS Decimal(12, 2)), 18, N'Hoạt động', CAST(N'2025-04-10T00:00:00.000' AS DateTime), CAST(N'2025-04-10T00:00:00.000' AS DateTime), 3, 4)
INSERT [dbo].[chi_tiet_san_pham] ([id_chi_tiet_san_pham], [id_san_pham], [qr_code], [gia_ban], [so_luong], [trang_thai], [ngay_tao], [ngay_sua], [id_kich_thuoc], [id_mau_sac]) VALUES (623, 144, N'QR0621', CAST(800000.00 AS Decimal(12, 2)), 20, N'Hoạt động', CAST(N'2025-04-10T00:00:00.000' AS DateTime), CAST(N'2025-04-10T00:00:00.000' AS DateTime), 2, 2)
GO
INSERT [dbo].[chi_tiet_san_pham] ([id_chi_tiet_san_pham], [id_san_pham], [qr_code], [gia_ban], [so_luong], [trang_thai], [ngay_tao], [ngay_sua], [id_kich_thuoc], [id_mau_sac]) VALUES (624, 144, N'QR0622', CAST(800000.00 AS Decimal(12, 2)), 25, N'Hoạt động', CAST(N'2025-04-10T00:00:00.000' AS DateTime), CAST(N'2025-04-10T00:00:00.000' AS DateTime), 3, 2)
INSERT [dbo].[chi_tiet_san_pham] ([id_chi_tiet_san_pham], [id_san_pham], [qr_code], [gia_ban], [so_luong], [trang_thai], [ngay_tao], [ngay_sua], [id_kich_thuoc], [id_mau_sac]) VALUES (625, 145, N'QR0623', CAST(750000.00 AS Decimal(12, 2)), 18, N'Hoạt động', CAST(N'2025-04-10T00:00:00.000' AS DateTime), CAST(N'2025-04-10T00:00:00.000' AS DateTime), 2, 2)
INSERT [dbo].[chi_tiet_san_pham] ([id_chi_tiet_san_pham], [id_san_pham], [qr_code], [gia_ban], [so_luong], [trang_thai], [ngay_tao], [ngay_sua], [id_kich_thuoc], [id_mau_sac]) VALUES (626, 145, N'QR0624', CAST(750000.00 AS Decimal(12, 2)), 22, N'Hoạt động', CAST(N'2025-04-10T00:00:00.000' AS DateTime), CAST(N'2025-04-10T00:00:00.000' AS DateTime), 3, 2)
SET IDENTITY_INSERT [dbo].[chi_tiet_san_pham] OFF
GO

-- 13. Bảng hinh_anh
SET IDENTITY_INSERT [dbo].[hinh_anh] ON 

INSERT [dbo].[hinh_anh] ([id_hinh_anh], [id_chi_tiet_san_pham], [anh_chinh], [hinh_anh]) VALUES (1, 1, 1, N'https://res.cloudinary.com/dtwsqkqpc/image/upload/v1745059367/FN8780-322-1_zgpcl9.jpg')
INSERT [dbo].[hinh_anh] ([id_hinh_anh], [id_chi_tiet_san_pham], [anh_chinh], [hinh_anh]) VALUES (2, 4, 0, N'https://res.cloudinary.com/dtwsqkqpc/image/upload/v1745060040/FN8794-101-1_u4ymqy.jpg')
INSERT [dbo].[hinh_anh] ([id_hinh_anh], [id_chi_tiet_san_pham], [anh_chinh], [hinh_anh]) VALUES (3, 5, 0, N'https://res.cloudinary.com/dtwsqkqpc/image/upload/v1745060987/DM1843-609-1_fzu9tt.jpg')
INSERT [dbo].[hinh_anh] ([id_hinh_anh], [id_chi_tiet_san_pham], [anh_chinh], [hinh_anh]) VALUES (4, 62, 1, N'https://res.cloudinary.com/dtwsqkqpc/image/upload/v1745061574/hk7638-s1_iwzkzn.jpg')
INSERT [dbo].[hinh_anh] ([id_hinh_anh], [id_chi_tiet_san_pham], [anh_chinh], [hinh_anh]) VALUES (5, 65, 0, N'https://res.cloudinary.com/dtwsqkqpc/image/upload/v1745061375/IP9160-1_qwqamr.jpg')
INSERT [dbo].[hinh_anh] ([id_hinh_anh], [id_chi_tiet_san_pham], [anh_chinh], [hinh_anh]) VALUES (6, 66, 0, N'https://res.cloudinary.com/dtwsqkqpc/image/upload/v1745061310/Ao_DJau_Tiro_23_League_DJo_HT6128_01_laydown_psbqff.jpg')
INSERT [dbo].[hinh_anh] ([id_hinh_anh], [id_chi_tiet_san_pham], [anh_chinh], [hinh_anh]) VALUES (7, 253, 1, N'https://res.cloudinary.com/dtwsqkqpc/image/upload/v1745062050/25-d_C3_A0nh-cho-nam_p64h5i.jpg')
INSERT [dbo].[hinh_anh] ([id_hinh_anh], [id_chi_tiet_san_pham], [anh_chinh], [hinh_anh]) VALUES (8, 256, 0, N'https://res.cloudinary.com/dtwsqkqpc/image/upload/v1745061962/25_shommh.jpg')
INSERT [dbo].[hinh_anh] ([id_hinh_anh], [id_chi_tiet_san_pham], [anh_chinh], [hinh_anh]) VALUES (9, 380, 1, N'https://res.cloudinary.com/dtwsqkqpc/image/upload/v1745062496/viet-nam-s2-den-400x400.jpg_likiq0.webp')
INSERT [dbo].[hinh_anh] ([id_hinh_anh], [id_chi_tiet_san_pham], [anh_chinh], [hinh_anh]) VALUES (10, 383, 0, N'https://res.cloudinary.com/dtwsqkqpc/image/upload/v1745062587/skull-trang-400x400.jpg_iwaaq6.webp')
INSERT [dbo].[hinh_anh] ([id_hinh_anh], [id_chi_tiet_san_pham], [anh_chinh], [hinh_anh]) VALUES (11, 384, 0, N'https://res.cloudinary.com/dtwsqkqpc/image/upload/v1745062601/skull-ya-400x400.jpg_vayfko.webp')
INSERT [dbo].[hinh_anh] ([id_hinh_anh], [id_chi_tiet_san_pham], [anh_chinh], [hinh_anh]) VALUES (12, 385, 1, N'https://res.cloudinary.com/dtwsqkqpc/image/upload/v1745063123/Ao_DJau_San_Khach_Real_Madrid_23-24_Mau_xanh_da_troi_IJ5901_HM30_uhclkz.jpg')
INSERT [dbo].[hinh_anh] ([id_hinh_anh], [id_chi_tiet_san_pham], [anh_chinh], [hinh_anh]) VALUES (13, 388, 0, N'https://res.cloudinary.com/dtwsqkqpc/image/upload/v1745063119/ao-bong-da-real-hong-2022_qgdbkd.jpg')
INSERT [dbo].[hinh_anh] ([id_hinh_anh], [id_chi_tiet_san_pham], [anh_chinh], [hinh_anh]) VALUES (14, 6, 1, N'https://res.cloudinary.com/dtwsqkqpc/image/upload/v1745063575/Quan-Nike-Strike-Mens-Dri-FIT-Football-Shorts-FN2402-069-5_ae84ps.jpg')
INSERT [dbo].[hinh_anh] ([id_hinh_anh], [id_chi_tiet_san_pham], [anh_chinh], [hinh_anh]) VALUES (15, 9, 0, N'https://res.cloudinary.com/dtwsqkqpc/image/upload/v1745063578/86aea932_5571_41eb_80a1_eb5e6fa7c4d4_sqssjn.jpg')
INSERT [dbo].[hinh_anh] ([id_hinh_anh], [id_chi_tiet_san_pham], [anh_chinh], [hinh_anh]) VALUES (16, 257, 1, N'https://res.cloudinary.com/dtwsqkqpc/image/upload/v1745064028/GN5776_pantalon-corto-adidas-squadra-21-color-negro_1_completa-frontal_i0enpc.jpg')
INSERT [dbo].[hinh_anh] ([id_hinh_anh], [id_chi_tiet_san_pham], [anh_chinh], [hinh_anh]) VALUES (17, 260, 0, N'https://res.cloudinary.com/dtwsqkqpc/image/upload/v1745064034/GN5773_pantalon-corto-color-blanco-adidas-squadra-21_1_completa-frontal_mqhkau.jpg')
INSERT [dbo].[hinh_anh] ([id_hinh_anh], [id_chi_tiet_san_pham], [anh_chinh], [hinh_anh]) VALUES (18, 389, 1, N'https://res.cloudinary.com/dtwsqkqpc/image/upload/v1745064796/62470301-1_evgikj.jpg')
INSERT [dbo].[hinh_anh] ([id_hinh_anh], [id_chi_tiet_san_pham], [anh_chinh], [hinh_anh]) VALUES (19, 392, 0, N'https://res.cloudinary.com/dtwsqkqpc/image/upload/v1745064736/62469120-1_w677ka.jpg')
INSERT [dbo].[hinh_anh] ([id_hinh_anh], [id_chi_tiet_san_pham], [anh_chinh], [hinh_anh]) VALUES (20, 261, 0, N'https://res.cloudinary.com/dtwsqkqpc/image/upload/v1745067101/U_NK_ACDMY_OTC_132_axtv3e.jpg')
INSERT [dbo].[hinh_anh] ([id_hinh_anh], [id_chi_tiet_san_pham], [anh_chinh], [hinh_anh]) VALUES (21, 264, 1, N'https://res.cloudinary.com/dtwsqkqpc/image/upload/v1745067097/U_NK_ACDMY_OTC_132_a3t1sh.jpg')
INSERT [dbo].[hinh_anh] ([id_hinh_anh], [id_chi_tiet_san_pham], [anh_chinh], [hinh_anh]) VALUES (22, 396, 0, N'https://res.cloudinary.com/dtwsqkqpc/image/upload/v1745067879/Tat_Milano_23_DJen_HT6538_03_standard_j5x6jf.jpg')
INSERT [dbo].[hinh_anh] ([id_hinh_anh], [id_chi_tiet_san_pham], [anh_chinh], [hinh_anh]) VALUES (23, 399, 1, N'https://res.cloudinary.com/dtwsqkqpc/image/upload/v1745067875/2_AJ5906_01_smdlq4.jpg')
INSERT [dbo].[hinh_anh] ([id_hinh_anh], [id_chi_tiet_san_pham], [anh_chinh], [hinh_anh]) VALUES (24, 400, 0, N'https://res.cloudinary.com/dtwsqkqpc/image/upload/v1745068272/vn-11134207-7qukw-lj6upaz855vw38_kcv2ra.webp')
INSERT [dbo].[hinh_anh] ([id_hinh_anh], [id_chi_tiet_san_pham], [anh_chinh], [hinh_anh]) VALUES (25, 403, 1, N'https://res.cloudinary.com/dtwsqkqpc/image/upload/v1745068198/vn-11134207-7qukw-lj6uwwfdtszw0d_uz1yp5.jpg')
INSERT [dbo].[hinh_anh] ([id_hinh_anh], [id_chi_tiet_san_pham], [anh_chinh], [hinh_anh]) VALUES (26, 10, 1, N'https://res.cloudinary.com/dtwsqkqpc/image/upload/v1745068559/FQ8377-800-1_oudn0m.jpg')
INSERT [dbo].[hinh_anh] ([id_hinh_anh], [id_chi_tiet_san_pham], [anh_chinh], [hinh_anh]) VALUES (27, 14, 0, N'https://res.cloudinary.com/dtwsqkqpc/image/upload/v1745068657/nike_air_zoom_mercurial_vapor_xv_elite_xanh_trang_1_754ff1ae9d6148eab32afeb87ea5fe15_knkozl.jpg')
INSERT [dbo].[hinh_anh] ([id_hinh_anh], [id_chi_tiet_san_pham], [anh_chinh], [hinh_anh]) VALUES (28, 15, 0, N'https://res.cloudinary.com/dtwsqkqpc/image/upload/v1745068753/7172e2369adf46bbbdb71d7b488f5eaa_165a49508ca24cd4b352c9e0384b92fd_1024x1024_k7fh6m.jpg')
INSERT [dbo].[hinh_anh] ([id_hinh_anh], [id_chi_tiet_san_pham], [anh_chinh], [hinh_anh]) VALUES (29, 265, 1, N'https://res.cloudinary.com/dtwsqkqpc/image/upload/v1745069251/20200117_c2MSSFmWwJAbYrPkMt11qNFS_e8rhyr.jpg')
INSERT [dbo].[hinh_anh] ([id_hinh_anh], [id_chi_tiet_san_pham], [anh_chinh], [hinh_anh]) VALUES (30, 269, 0, N'https://res.cloudinary.com/dtwsqkqpc/image/upload/v1745069150/Puma-Future-4.2-MG-105681-02-1_yoxkoh.jpg')
INSERT [dbo].[hinh_anh] ([id_hinh_anh], [id_chi_tiet_san_pham], [anh_chinh], [hinh_anh]) VALUES (31, 67, 1, N'https://res.cloudinary.com/dtwsqkqpc/image/upload/v1745070068/Giay_DJa_Bong_Turf_X_Crazyfast.3_DJen_ID9336_22_model_qeqhm0.jpg')
INSERT [dbo].[hinh_anh] ([id_hinh_anh], [id_chi_tiet_san_pham], [anh_chinh], [hinh_anh]) VALUES (32, 71, 0, N'https://res.cloudinary.com/dtwsqkqpc/image/upload/v1745070074/6.1-4-1_qgwtxj.gif')
INSERT [dbo].[hinh_anh] ([id_hinh_anh], [id_chi_tiet_san_pham], [anh_chinh], [hinh_anh]) VALUES (33, 72, 0, N'https://res.cloudinary.com/dtwsqkqpc/image/upload/v1745070000/Giay_DJa_Bong_Firm-Multi-Ground_F50_League_Mau_xanh_da_troi_IE1290_HM5_i3ycuq.jpg')
INSERT [dbo].[hinh_anh] ([id_hinh_anh], [id_chi_tiet_san_pham], [anh_chinh], [hinh_anh]) VALUES (34, 75, 1, N'https://res.cloudinary.com/dtwsqkqpc/image/upload/v1745070352/e51__2__d7d9f85220ca4bbe9e8b4499b6565360_grande_vx7iaj.jpg')
INSERT [dbo].[hinh_anh] ([id_hinh_anh], [id_chi_tiet_san_pham], [anh_chinh], [hinh_anh]) VALUES (35, 78, 0, N'https://res.cloudinary.com/dtwsqkqpc/image/upload/v1745070370/xzq1_793ec42a95704cd89e85b425701960f5_grande_ervkl5.jpg')
INSERT [dbo].[hinh_anh] ([id_hinh_anh], [id_chi_tiet_san_pham], [anh_chinh], [hinh_anh]) VALUES (36, 79, 1, N'https://res.cloudinary.com/dtwsqkqpc/image/upload/v1745071016/1644fb760005e67308567c55db59a8cd_ul7jwi.webp')
INSERT [dbo].[hinh_anh] ([id_hinh_anh], [id_chi_tiet_san_pham], [anh_chinh], [hinh_anh]) VALUES (37, 80, 0, N'https://res.cloudinary.com/dtwsqkqpc/image/upload/v1745071009/b864d898ff07862efacd88cd05a199f5_qni3p5.webp')
INSERT [dbo].[hinh_anh] ([id_hinh_anh], [id_chi_tiet_san_pham], [anh_chinh], [hinh_anh]) VALUES (38, 81, 0, N'https://res.cloudinary.com/dtwsqkqpc/image/upload/v1745070995/0ae84cadddc0ab3d92dceaa5965a2a92_dkqxac.webp')
INSERT [dbo].[hinh_anh] ([id_hinh_anh], [id_chi_tiet_san_pham], [anh_chinh], [hinh_anh]) VALUES (39, 82, 1, N'https://res.cloudinary.com/dtwsqkqpc/image/upload/v1745073499/1361901-444-1_raqftd.jpg')
INSERT [dbo].[hinh_anh] ([id_hinh_anh], [id_chi_tiet_san_pham], [anh_chinh], [hinh_anh]) VALUES (40, 84, 0, N'https://res.cloudinary.com/dtwsqkqpc/image/upload/v1745072888/1361901-100-1_ay61oj.jpg')
INSERT [dbo].[hinh_anh] ([id_hinh_anh], [id_chi_tiet_san_pham], [anh_chinh], [hinh_anh]) VALUES (41, 85, 1, N'https://res.cloudinary.com/dtwsqkqpc/image/upload/v1745074641/thiet-ke-chua-co-ten-2024-07-31t155021-581-2ee80417e1574e6a9258bb136b26787b-master_xsgjur.png')
INSERT [dbo].[hinh_anh] ([id_hinh_anh], [id_chi_tiet_san_pham], [anh_chinh], [hinh_anh]) VALUES (42, 88, 0, N'https://res.cloudinary.com/dtwsqkqpc/image/upload/v1745074660/thiet_ke_chua_co_ten_-_2024-07-31t150339.199_46dad7af50984d62a120dbfb4b85da64_master_liytji.png')
INSERT [dbo].[hinh_anh] ([id_hinh_anh], [id_chi_tiet_san_pham], [anh_chinh], [hinh_anh]) VALUES (43, 407, 1, N'https://res.cloudinary.com/dtwsqkqpc/image/upload/v1745076083/image-1685005084669_jfqsht.png')
INSERT [dbo].[hinh_anh] ([id_hinh_anh], [id_chi_tiet_san_pham], [anh_chinh], [hinh_anh]) VALUES (44, 410, 0, N'https://res.cloudinary.com/dtwsqkqpc/image/upload/v1745076088/adidas-gk8370-creator-365-short-2_itsbol.jpg')
INSERT [dbo].[hinh_anh] ([id_hinh_anh], [id_chi_tiet_san_pham], [anh_chinh], [hinh_anh]) VALUES (45, 411, 1, N'https://res.cloudinary.com/dtwsqkqpc/image/upload/v1745076292/1380327-002-1_nmwfqq.jpg')
INSERT [dbo].[hinh_anh] ([id_hinh_anh], [id_chi_tiet_san_pham], [anh_chinh], [hinh_anh]) VALUES (46, 413, 0, N'https://res.cloudinary.com/dtwsqkqpc/image/upload/v1745076297/PS1380327-100-1_wlhttf.jpg')
INSERT [dbo].[hinh_anh] ([id_hinh_anh], [id_chi_tiet_san_pham], [anh_chinh], [hinh_anh]) VALUES (47, 89, 1, N'https://res.cloudinary.com/dtwsqkqpc/image/upload/v1745076612/giay-bong-ro-nam-nike-precision-6-dd9535-003-mau-den-xam-size-42-5-66a1c8d45f1b5-25072024103900_inebls.webp')
INSERT [dbo].[hinh_anh] ([id_hinh_anh], [id_chi_tiet_san_pham], [anh_chinh], [hinh_anh]) VALUES (48, 93, 0, N'https://res.cloudinary.com/dtwsqkqpc/image/upload/v1745076553/FQ3681-500-1_anjl9l.jpg')
INSERT [dbo].[hinh_anh] ([id_hinh_anh], [id_chi_tiet_san_pham], [anh_chinh], [hinh_anh]) VALUES (49, 94, 0, N'https://res.cloudinary.com/dtwsqkqpc/image/upload/v1745076619/dm2813-400-1_g80aru.jpg')
INSERT [dbo].[hinh_anh] ([id_hinh_anh], [id_chi_tiet_san_pham], [anh_chinh], [hinh_anh]) VALUES (50, 95, 1, N'https://res.cloudinary.com/dtwsqkqpc/image/upload/v1745085406/cn-11134207-7r98o-lm2q6ot8r9b8c7_rhvubq.jpg')
INSERT [dbo].[hinh_anh] ([id_hinh_anh], [id_chi_tiet_san_pham], [anh_chinh], [hinh_anh]) VALUES (51, 280, 1, N'https://res.cloudinary.com/dtwsqkqpc/image/upload/v1745085597/dsc0821934840ffab30241e6aaaebd_lg1czm.jpg')
INSERT [dbo].[hinh_anh] ([id_hinh_anh], [id_chi_tiet_san_pham], [anh_chinh], [hinh_anh]) VALUES (52, 283, 0, N'https://res.cloudinary.com/dtwsqkqpc/image/upload/v1745085572/3362846502d3aebd78f8d1c9e48a8277411f8dbccbdfdc59d3f390b38624078f777ed3_16470a30ec1b47508e86e6289c29c890_master_xijzrz.jpg')
INSERT [dbo].[hinh_anh] ([id_hinh_anh], [id_chi_tiet_san_pham], [anh_chinh], [hinh_anh]) VALUES (53, 99, 1, N'https://res.cloudinary.com/dtwsqkqpc/image/upload/v1745085744/quan-cau-long-q13-trang_0032cf1bb28d409c8b972ea48b5b5345_master_bvbisa.jpg')
INSERT [dbo].[hinh_anh] ([id_hinh_anh], [id_chi_tiet_san_pham], [anh_chinh], [hinh_anh]) VALUES (54, 425, 1, N'https://res.cloudinary.com/dtwsqkqpc/image/upload/v1745086084/mau-ao-cau-long-victor-hang-moi-ve-chinh-hang-nhe--6_ikfx3k.webp')
INSERT [dbo].[hinh_anh] ([id_hinh_anh], [id_chi_tiet_san_pham], [anh_chinh], [hinh_anh]) VALUES (55, 428, 0, N'https://res.cloudinary.com/dtwsqkqpc/image/upload/v1745086089/mau-ao-cau-long-victor-hang-moi-ve-chinh-hang-nhe--2_ddnfnb.webp')
INSERT [dbo].[hinh_anh] ([id_hinh_anh], [id_chi_tiet_san_pham], [anh_chinh], [hinh_anh]) VALUES (56, 429, 1, N'https://res.cloudinary.com/dtwsqkqpc/image/upload/v1745086619/aklt071-2-c_22d48c7df84d45f7a4f8aa8b0f2df7aa_dncrg0.jpg')
INSERT [dbo].[hinh_anh] ([id_hinh_anh], [id_chi_tiet_san_pham], [anh_chinh], [hinh_anh]) VALUES (57, 432, 1, N'https://res.cloudinary.com/dtwsqkqpc/image/upload/v1745086980/FS2TRG2901M-BLK-1_madvll.jpg')
INSERT [dbo].[hinh_anh] ([id_hinh_anh], [id_chi_tiet_san_pham], [anh_chinh], [hinh_anh]) VALUES (58, 433, 0, N'https://res.cloudinary.com/dtwsqkqpc/image/upload/v1745087066/486dcdadad31440dd092e5abea0aca63_ujbgit.jpg')
INSERT [dbo].[hinh_anh] ([id_hinh_anh], [id_chi_tiet_san_pham], [anh_chinh], [hinh_anh]) VALUES (59, 434, 0, N'https://res.cloudinary.com/dtwsqkqpc/image/upload/v1745086953/FS2TRG2901M-INA-1_xf5xrp.jpg')
INSERT [dbo].[hinh_anh] ([id_hinh_anh], [id_chi_tiet_san_pham], [anh_chinh], [hinh_anh]) VALUES (60, 16, 1, N'https://res.cloudinary.com/dtwsqkqpc/image/upload/v1745087508/DV9316-010-1_p9ll8q.jpg')
INSERT [dbo].[hinh_anh] ([id_hinh_anh], [id_chi_tiet_san_pham], [anh_chinh], [hinh_anh]) VALUES (61, 18, 0, N'https://res.cloudinary.com/dtwsqkqpc/image/upload/v1745087459/dv9316-100-vl1-result_p626nc.jpg')
INSERT [dbo].[hinh_anh] ([id_hinh_anh], [id_chi_tiet_san_pham], [anh_chinh], [hinh_anh]) VALUES (62, 19, 0, N'https://res.cloudinary.com/dtwsqkqpc/image/upload/v1745087453/ao-thun-nike-as-m-nk-df-miler-top-ss-nam-cu5993-084-mau-xam-62738b0d89a20-05052022153005_rysklv.webp')
INSERT [dbo].[hinh_anh] ([id_hinh_anh], [id_chi_tiet_san_pham], [anh_chinh], [hinh_anh]) VALUES (63, 21, 0, N'https://res.cloudinary.com/dtwsqkqpc/image/upload/v1745087541/vvz1_67447fb89ffd4fff950a6ba779b0d345_master_soo4ng.jpg')
INSERT [dbo].[hinh_anh] ([id_hinh_anh], [id_chi_tiet_san_pham], [anh_chinh], [hinh_anh]) VALUES (64, 108, 1, N'https://res.cloudinary.com/dtwsqkqpc/image/upload/v1745087787/upload_f4dc3063913946428eb1815f90776c38_02a05c455e454c41ac54df0b4b805389_mbuxli.jpg')
INSERT [dbo].[hinh_anh] ([id_hinh_anh], [id_chi_tiet_san_pham], [anh_chinh], [hinh_anh]) VALUES (65, 110, 0, N'https://res.cloudinary.com/dtwsqkqpc/image/upload/v1745087754/own_the_run_tee_white_ik7436_21_model_71d9f8243b1942809d318691a7b32e42_master_erutfe.jpg')
INSERT [dbo].[hinh_anh] ([id_hinh_anh], [id_chi_tiet_san_pham], [anh_chinh], [hinh_anh]) VALUES (66, 111, 0, N'https://res.cloudinary.com/dtwsqkqpc/image/upload/v1745087782/6762a332a8df4f4895aeaf2c0093904b-9366_zt24w7.jpg')
INSERT [dbo].[hinh_anh] ([id_hinh_anh], [id_chi_tiet_san_pham], [anh_chinh], [hinh_anh]) VALUES (67, 291, 1, N'https://res.cloudinary.com/dtwsqkqpc/image/upload/v1745087950/20250324_M9yWznzcSI_edq8p5.jpg')
INSERT [dbo].[hinh_anh] ([id_hinh_anh], [id_chi_tiet_san_pham], [anh_chinh], [hinh_anh]) VALUES (68, 292, 0, N'https://res.cloudinary.com/dtwsqkqpc/image/upload/v1745087945/sam800212-pc_1_a6f9847213ac412284c387cde3076e03_ynxkvv.jpg')
INSERT [dbo].[hinh_anh] ([id_hinh_anh], [id_chi_tiet_san_pham], [anh_chinh], [hinh_anh]) VALUES (69, 444, 1, N'https://res.cloudinary.com/dtwsqkqpc/image/upload/v1745088204/1382582-001-1_otwhbs.jpg')
INSERT [dbo].[hinh_anh] ([id_hinh_anh], [id_chi_tiet_san_pham], [anh_chinh], [hinh_anh]) VALUES (70, 445, 0, N'https://res.cloudinary.com/dtwsqkqpc/image/upload/v1745088241/1382582-025-1_po5adx.jpg')
INSERT [dbo].[hinh_anh] ([id_hinh_anh], [id_chi_tiet_san_pham], [anh_chinh], [hinh_anh]) VALUES (71, 446, 0, N'https://res.cloudinary.com/dtwsqkqpc/image/upload/v1745088246/1382582-432-1_pdxjnf.jpg')
INSERT [dbo].[hinh_anh] ([id_hinh_anh], [id_chi_tiet_san_pham], [anh_chinh], [hinh_anh]) VALUES (72, 449, 1, N'https://res.cloudinary.com/dtwsqkqpc/image/upload/v1745088545/Quan_Short_Own_the_Run_Mau_xanh_da_troi_HB7455_01_laydown_fsawqy.jpg')
INSERT [dbo].[hinh_anh] ([id_hinh_anh], [id_chi_tiet_san_pham], [anh_chinh], [hinh_anh]) VALUES (73, 450, 0, N'https://res.cloudinary.com/dtwsqkqpc/image/upload/v1745088541/quan-short-nam-adidas-own-the-run-hm8443-mau-xanh-navy-size-s-66c69fe20331c-22082024091810_d463fa.webp')
INSERT [dbo].[hinh_anh] ([id_hinh_anh], [id_chi_tiet_san_pham], [anh_chinh], [hinh_anh]) VALUES (74, 295, 1, N'https://res.cloudinary.com/dtwsqkqpc/image/upload/v1745088751/1376820-001-1_tpe2ks.jpg')
INSERT [dbo].[hinh_anh] ([id_hinh_anh], [id_chi_tiet_san_pham], [anh_chinh], [hinh_anh]) VALUES (75, 296, 0, N'https://res.cloudinary.com/dtwsqkqpc/image/upload/v1745088763/2106733464-1_1200x1200_heodhu.jpg')
INSERT [dbo].[hinh_anh] ([id_hinh_anh], [id_chi_tiet_san_pham], [anh_chinh], [hinh_anh]) VALUES (76, 114, 1, N'https://res.cloudinary.com/dtwsqkqpc/image/upload/v1745089176/quan-ngan-the-thao-nike-CZ9063-010-4_izagor.png')
INSERT [dbo].[hinh_anh] ([id_hinh_anh], [id_chi_tiet_san_pham], [anh_chinh], [hinh_anh]) VALUES (77, 115, 0, N'https://res.cloudinary.com/dtwsqkqpc/image/upload/v1745089201/3_a1e373b3303740839a16066afe2f4052_master_bbomqp.png')
INSERT [dbo].[hinh_anh] ([id_hinh_anh], [id_chi_tiet_san_pham], [anh_chinh], [hinh_anh]) VALUES (78, 453, 1, N'https://res.cloudinary.com/dtwsqkqpc/image/upload/v1745089588/2011D246_001_GM_FT_GLB-1_gi3zuy.jpg')
INSERT [dbo].[hinh_anh] ([id_hinh_anh], [id_chi_tiet_san_pham], [anh_chinh], [hinh_anh]) VALUES (79, 454, 0, N'https://res.cloudinary.com/dtwsqkqpc/image/upload/v1745089425/bv2672-063-2024-10-12t085435-895_cxlcce.jpg')
INSERT [dbo].[hinh_anh] ([id_hinh_anh], [id_chi_tiet_san_pham], [anh_chinh], [hinh_anh]) VALUES (80, 133, 1, N'https://res.cloudinary.com/dtwsqkqpc/image/upload/v1745089789/p1610082688_aomarinaioredwhit_C3_A923_ur70pf.jpg')
INSERT [dbo].[hinh_anh] ([id_hinh_anh], [id_chi_tiet_san_pham], [anh_chinh], [hinh_anh]) VALUES (81, 134, 0, N'https://res.cloudinary.com/dtwsqkqpc/image/upload/v1745089831/1610083001_aocubivortexgrey860_t0d6tm.jpg')
INSERT [dbo].[hinh_anh] ([id_hinh_anh], [id_chi_tiet_san_pham], [anh_chinh], [hinh_anh]) VALUES (82, 475, 1, N'https://res.cloudinary.com/dtwsqkqpc/image/upload/v1745090044/wab02xx_womens-core-bib-shorts_h123_model_1_grande_ar8yrh.jpg')
INSERT [dbo].[hinh_anh] ([id_hinh_anh], [id_chi_tiet_san_pham], [anh_chinh], [hinh_anh]) VALUES (83, 141, 1, N'https://res.cloudinary.com/dtwsqkqpc/image/upload/v1745090363/CZ9241-010-1_ocvbc2.jpg')
INSERT [dbo].[hinh_anh] ([id_hinh_anh], [id_chi_tiet_san_pham], [anh_chinh], [hinh_anh]) VALUES (84, 142, 0, N'https://res.cloudinary.com/dtwsqkqpc/image/upload/v1745090358/CZ9241-509-1_bh3xce.jpg')
INSERT [dbo].[hinh_anh] ([id_hinh_anh], [id_chi_tiet_san_pham], [anh_chinh], [hinh_anh]) VALUES (85, 143, 0, N'https://res.cloudinary.com/dtwsqkqpc/image/upload/v1745090345/CZ9241-464-1_atcezz.jpg')
INSERT [dbo].[hinh_anh] ([id_hinh_anh], [id_chi_tiet_san_pham], [anh_chinh], [hinh_anh]) VALUES (86, 32, 1, N'https://res.cloudinary.com/dtwsqkqpc/image/upload/v1745090627/AR4999-013-1_bq75fg.jpg')
INSERT [dbo].[hinh_anh] ([id_hinh_anh], [id_chi_tiet_san_pham], [anh_chinh], [hinh_anh]) VALUES (87, 33, 0, N'https://res.cloudinary.com/dtwsqkqpc/image/upload/v1745090562/AR4999-101-1_mz2w6m.jpg')
INSERT [dbo].[hinh_anh] ([id_hinh_anh], [id_chi_tiet_san_pham], [anh_chinh], [hinh_anh]) VALUES (88, 35, 0, N'https://res.cloudinary.com/dtwsqkqpc/image/upload/v1745090570/AR4999-064-1_rv2opf.jpg')
INSERT [dbo].[hinh_anh] ([id_hinh_anh], [id_chi_tiet_san_pham], [anh_chinh], [hinh_anh]) VALUES (89, 36, 0, N'https://res.cloudinary.com/dtwsqkqpc/image/upload/v1745090669/03822cff602cf963e42c8dd7acb45017_ymsjtw.jpg')
INSERT [dbo].[hinh_anh] ([id_hinh_anh], [id_chi_tiet_san_pham], [anh_chinh], [hinh_anh]) VALUES (90, 146, 1, N'https://res.cloudinary.com/dtwsqkqpc/image/upload/v1745090891/9Qh20l9EgkEPE1WtPjdxTyRDRivrQskO5cJOhm21_mtfc8m.jpg')
INSERT [dbo].[hinh_anh] ([id_hinh_anh], [id_chi_tiet_san_pham], [anh_chinh], [hinh_anh]) VALUES (91, 147, 0, N'https://res.cloudinary.com/dtwsqkqpc/image/upload/v1745090871/16STpvWmoCGCh4LSAe772KKyb0XIdmfdnOoxXlUl_sldnoy.jpg')
INSERT [dbo].[hinh_anh] ([id_hinh_anh], [id_chi_tiet_san_pham], [anh_chinh], [hinh_anh]) VALUES (92, 149, 0, N'https://res.cloudinary.com/dtwsqkqpc/image/upload/v1745090877/B2g2gKn1bhCrPC6F49BmsoBN4C8rQ75atHBfD9Fl_r4z9j0.jpg')
INSERT [dbo].[hinh_anh] ([id_hinh_anh], [id_chi_tiet_san_pham], [anh_chinh], [hinh_anh]) VALUES (93, 315, 1, N'https://res.cloudinary.com/dtwsqkqpc/image/upload/v1745091576/1366479-001-1_vchtkm.jpg')
INSERT [dbo].[hinh_anh] ([id_hinh_anh], [id_chi_tiet_san_pham], [anh_chinh], [hinh_anh]) VALUES (94, 316, 0, N'https://res.cloudinary.com/dtwsqkqpc/image/upload/v1745091681/1376791-400-1_jqkxvp.jpg')
INSERT [dbo].[hinh_anh] ([id_hinh_anh], [id_chi_tiet_san_pham], [anh_chinh], [hinh_anh]) VALUES (95, 317, 0, N'https://res.cloudinary.com/dtwsqkqpc/image/upload/v1745091676/1376791-012-1_lctlfz.jpg')
INSERT [dbo].[hinh_anh] ([id_hinh_anh], [id_chi_tiet_san_pham], [anh_chinh], [hinh_anh]) VALUES (96, 318, 0, N'https://res.cloudinary.com/dtwsqkqpc/image/upload/v1745091654/1366479-839-1_c5fafr.jpg')
INSERT [dbo].[hinh_anh] ([id_hinh_anh], [id_chi_tiet_san_pham], [anh_chinh], [hinh_anh]) VALUES (97, 496, 1, N'https://res.cloudinary.com/dtwsqkqpc/image/upload/v1745091912/as-m-nk-df-vctry-solid-polo_swxdfj.jpg')
INSERT [dbo].[hinh_anh] ([id_hinh_anh], [id_chi_tiet_san_pham], [anh_chinh], [hinh_anh]) VALUES (98, 497, 0, N'https://res.cloudinary.com/dtwsqkqpc/image/upload/v1745091917/DR5299-410-1_hhkn5s.jpg')
INSERT [dbo].[hinh_anh] ([id_hinh_anh], [id_chi_tiet_san_pham], [anh_chinh], [hinh_anh]) VALUES (99, 500, 1, N'https://res.cloudinary.com/dtwsqkqpc/image/upload/v1745092091/ao-polo-nam-adidas-3-soc-tennis-club-h34698-mau-do-62cbccc89d953-11072022141000_fgl9xd.webp')
GO
INSERT [dbo].[hinh_anh] ([id_hinh_anh], [id_chi_tiet_san_pham], [anh_chinh], [hinh_anh]) VALUES (100, 502, 1, N'https://res.cloudinary.com/dtwsqkqpc/image/upload/v1745092197/whi_fs2tsg2321x_1_82fa55d8b65e4ffcb71b8664f1427290_fmmykc.jpg')
INSERT [dbo].[hinh_anh] ([id_hinh_anh], [id_chi_tiet_san_pham], [anh_chinh], [hinh_anh]) VALUES (101, 503, 0, N'https://res.cloudinary.com/dtwsqkqpc/image/upload/v1745092228/ina_fs2tsg2321x_1_a4ab0b0a595a4d20b8d3675899c95725_cmsnfr.jpg')
INSERT [dbo].[hinh_anh] ([id_hinh_anh], [id_chi_tiet_san_pham], [anh_chinh], [hinh_anh]) VALUES (102, 151, 1, N'https://res.cloudinary.com/dtwsqkqpc/image/upload/v1745092519/Ao-Nike-Dri-FIT-Legend-Mens-Training-Tank-FD0149-010-2-1_buzbz3.jpg')
INSERT [dbo].[hinh_anh] ([id_hinh_anh], [id_chi_tiet_san_pham], [anh_chinh], [hinh_anh]) VALUES (103, 152, 0, N'https://res.cloudinary.com/dtwsqkqpc/image/upload/v1745092525/Ao-Nike-Dri-FIT-Legend-Mens-Training-Tank-FD0149-100_exwcws.jpg')
INSERT [dbo].[hinh_anh] ([id_hinh_anh], [id_chi_tiet_san_pham], [anh_chinh], [hinh_anh]) VALUES (104, 153, 0, N'https://res.cloudinary.com/dtwsqkqpc/image/upload/v1745092508/xam-gi_7c8f7ff0603f4a64ad6a4d9b0ce21197_master_uzjprs.jpg')
INSERT [dbo].[hinh_anh] ([id_hinh_anh], [id_chi_tiet_san_pham], [anh_chinh], [hinh_anh]) VALUES (105, 505, 0, N'https://res.cloudinary.com/dtwsqkqpc/image/upload/v1745092685/IK9726-1_c4laqn.jpg')
INSERT [dbo].[hinh_anh] ([id_hinh_anh], [id_chi_tiet_san_pham], [anh_chinh], [hinh_anh]) VALUES (106, 506, 1, N'https://res.cloudinary.com/dtwsqkqpc/image/upload/v1745092690/IS3819-1_sfmlq1.jpg')
INSERT [dbo].[hinh_anh] ([id_hinh_anh], [id_chi_tiet_san_pham], [anh_chinh], [hinh_anh]) VALUES (107, 509, 0, N'https://res.cloudinary.com/dtwsqkqpc/image/upload/v1745092834/1361506-001-1_poq46w.jpg')
INSERT [dbo].[hinh_anh] ([id_hinh_anh], [id_chi_tiet_san_pham], [anh_chinh], [hinh_anh]) VALUES (108, 510, 1, N'https://res.cloudinary.com/dtwsqkqpc/image/upload/v1745092839/1361506-100-1_rx3scs.jpg')
INSERT [dbo].[hinh_anh] ([id_hinh_anh], [id_chi_tiet_san_pham], [anh_chinh], [hinh_anh]) VALUES (109, 513, 0, N'https://res.cloudinary.com/dtwsqkqpc/image/upload/v1745093054/ao-thun-dai-tay-nam-nike-pro-dri-fit-men-s-tight-fit-long-sleeve-top-t-shirt-dd1986-010-mau-den-64a3a5acd1ff3-04072023115300_y6dz8q.webp')
INSERT [dbo].[hinh_anh] ([id_hinh_anh], [id_chi_tiet_san_pham], [anh_chinh], [hinh_anh]) VALUES (110, 514, 1, N'https://res.cloudinary.com/dtwsqkqpc/image/upload/v1745094099/%E1%BA%A3nh_gcuwg2.webp')
INSERT [dbo].[hinh_anh] ([id_hinh_anh], [id_chi_tiet_san_pham], [anh_chinh], [hinh_anh]) VALUES (114, 156, 0, N'https://res.cloudinary.com/dtwsqkqpc/image/upload/v1745096078/Ao-Nike-Therma-Fit-Mens-Pullover-Fitness-Hoodie-DQ4835-010-2_doyu4a.jpg')
INSERT [dbo].[hinh_anh] ([id_hinh_anh], [id_chi_tiet_san_pham], [anh_chinh], [hinh_anh]) VALUES (115, 157, 0, N'https://res.cloudinary.com/dtwsqkqpc/image/upload/v1745096036/81b1f7wgkbl-1735282503885_sxksxu.jpg')
INSERT [dbo].[hinh_anh] ([id_hinh_anh], [id_chi_tiet_san_pham], [anh_chinh], [hinh_anh]) VALUES (116, 158, 1, N'https://res.cloudinary.com/dtwsqkqpc/image/upload/v1745096071/task-21400645-1-1_3ed5cd6d9f7949_f94ca6824b714c7b9243a5b33cb91545_master_yzwium.jpg')
INSERT [dbo].[hinh_anh] ([id_hinh_anh], [id_chi_tiet_san_pham], [anh_chinh], [hinh_anh]) VALUES (117, 517, 1, N'https://res.cloudinary.com/dtwsqkqpc/image/upload/v1745096360/essentials-fleece-3-stripes-full-zip-hoodie-grey-ij6479-21-model_c2cppq.jpg')
INSERT [dbo].[hinh_anh] ([id_hinh_anh], [id_chi_tiet_san_pham], [anh_chinh], [hinh_anh]) VALUES (118, 518, 0, N'https://res.cloudinary.com/dtwsqkqpc/image/upload/v1745096366/ao-hoodie-nam-adidas-essentials-reflect-in-the-dark-polar-fleece-hl6913-ma-u-den-size-xs-653a096871f3e-26102023133832_q63sdj.webp')
INSERT [dbo].[hinh_anh] ([id_hinh_anh], [id_chi_tiet_san_pham], [anh_chinh], [hinh_anh]) VALUES (119, 521, 1, N'https://res.cloudinary.com/dtwsqkqpc/image/upload/v1745096510/vn-11134201-7ras8-m58qm1e1kuuu6f_mqwsft.jpg')
INSERT [dbo].[hinh_anh] ([id_hinh_anh], [id_chi_tiet_san_pham], [anh_chinh], [hinh_anh]) VALUES (120, 160, 0, N'https://res.cloudinary.com/dtwsqkqpc/image/upload/v1745096943/dz2846-0101-24_tfeolb.jpg')
INSERT [dbo].[hinh_anh] ([id_hinh_anh], [id_chi_tiet_san_pham], [anh_chinh], [hinh_anh]) VALUES (121, 161, 1, N'https://res.cloudinary.com/dtwsqkqpc/image/upload/v1745096978/DV9329-493-1_z9g3k0.jpg')
INSERT [dbo].[hinh_anh] ([id_hinh_anh], [id_chi_tiet_san_pham], [anh_chinh], [hinh_anh]) VALUES (122, 321, 0, N'https://res.cloudinary.com/dtwsqkqpc/image/upload/v1745097193/hort_tap_luyen_vai_pique_3_soc_train_essentials_djen_ib8243_01_laydown_fef8d4a974244958a774d471a8d3d38e_master_jl7tw9.jpg')
INSERT [dbo].[hinh_anh] ([id_hinh_anh], [id_chi_tiet_san_pham], [anh_chinh], [hinh_anh]) VALUES (123, 322, 1, N'https://res.cloudinary.com/dtwsqkqpc/image/upload/v1745097188/IB8112-1_chpwvx.jpg')
INSERT [dbo].[hinh_anh] ([id_hinh_anh], [id_chi_tiet_san_pham], [anh_chinh], [hinh_anh]) VALUES (124, 523, 0, N'https://res.cloudinary.com/dtwsqkqpc/image/upload/v1745097499/1383353-003-1_qijfju.jpg')
INSERT [dbo].[hinh_anh] ([id_hinh_anh], [id_chi_tiet_san_pham], [anh_chinh], [hinh_anh]) VALUES (125, 524, 1, N'https://res.cloudinary.com/dtwsqkqpc/image/upload/v1745097494/1383353-044-1_bht1yc.jpg')
INSERT [dbo].[hinh_anh] ([id_hinh_anh], [id_chi_tiet_san_pham], [anh_chinh], [hinh_anh]) VALUES (126, 39, 0, N'https://res.cloudinary.com/dtwsqkqpc/image/upload/v1745097787/3372a90f-13f4-4445-b93d-a970cad9584d-1_it1bxt.jpg')
INSERT [dbo].[hinh_anh] ([id_hinh_anh], [id_chi_tiet_san_pham], [anh_chinh], [hinh_anh]) VALUES (127, 40, 1, N'https://res.cloudinary.com/dtwsqkqpc/image/upload/v1745097725/quan-nike-sportswear-tech-fleece-older-trousers-cu9213-063.jpg_wsju3t.webp')
INSERT [dbo].[hinh_anh] ([id_hinh_anh], [id_chi_tiet_san_pham], [anh_chinh], [hinh_anh]) VALUES (128, 526, 1, N'https://res.cloudinary.com/dtwsqkqpc/image/upload/v1745153110/51KZP7lU0HL._AC_SX569__dqpppx.jpg')
INSERT [dbo].[hinh_anh] ([id_hinh_anh], [id_chi_tiet_san_pham], [anh_chinh], [hinh_anh]) VALUES (129, 527, 0, N'https://res.cloudinary.com/dtwsqkqpc/image/upload/v1745153093/512YsN3NioL._AC_SX569__eh7quk.jpg')
INSERT [dbo].[hinh_anh] ([id_hinh_anh], [id_chi_tiet_san_pham], [anh_chinh], [hinh_anh]) VALUES (130, 165, 0, N'https://res.cloudinary.com/dtwsqkqpc/image/upload/v1745221772/AS_M_NP_DF_TIGHT_mcn7dg.jpg')
INSERT [dbo].[hinh_anh] ([id_hinh_anh], [id_chi_tiet_san_pham], [anh_chinh], [hinh_anh]) VALUES (131, 166, 1, N'https://res.cloudinary.com/dtwsqkqpc/image/upload/v1745221685/Quan-Nike-Pro-Dri-FIT-Mens-Mid-Length-Training-Tights-FB7951-100_ipnbck.jpg')
INSERT [dbo].[hinh_anh] ([id_hinh_anh], [id_chi_tiet_san_pham], [anh_chinh], [hinh_anh]) VALUES (132, 530, 0, N'https://res.cloudinary.com/dtwsqkqpc/image/upload/v1745221996/1361588-001-1_fy8hux.jpg')
INSERT [dbo].[hinh_anh] ([id_hinh_anh], [id_chi_tiet_san_pham], [anh_chinh], [hinh_anh]) VALUES (133, 531, 1, N'https://res.cloudinary.com/dtwsqkqpc/image/upload/v1745221935/1361588-410-1_xwr5vk.jpg')
INSERT [dbo].[hinh_anh] ([id_hinh_anh], [id_chi_tiet_san_pham], [anh_chinh], [hinh_anh]) VALUES (134, 534, 1, N'https://res.cloudinary.com/dtwsqkqpc/image/upload/v1745222114/Quan_Bo_Dang_Dai_Techfit_DJen_GR8040_01_laydown_nd0rpw.jpg')
INSERT [dbo].[hinh_anh] ([id_hinh_anh], [id_chi_tiet_san_pham], [anh_chinh], [hinh_anh]) VALUES (135, 168, 0, N'https://res.cloudinary.com/dtwsqkqpc/image/upload/v1745222186/cz9180-010-1_581d045bc6cd4c23ab8133ad9694f9f7_mcfdc1.png')
INSERT [dbo].[hinh_anh] ([id_hinh_anh], [id_chi_tiet_san_pham], [anh_chinh], [hinh_anh]) VALUES (136, 169, 1, N'https://res.cloudinary.com/dtwsqkqpc/image/upload/v1745222255/cz9180-481_955eb74fd93b41df9232436f6c642d3c_frpc3y.jpg')
INSERT [dbo].[hinh_anh] ([id_hinh_anh], [id_chi_tiet_san_pham], [anh_chinh], [hinh_anh]) VALUES (137, 536, 0, N'https://res.cloudinary.com/dtwsqkqpc/image/upload/v1745222388/Designed_for_Training_Workout_HEAT.RDY_Tank_Top_Black_IS3708_21_model_jifm68.jpg')
INSERT [dbo].[hinh_anh] ([id_hinh_anh], [id_chi_tiet_san_pham], [anh_chinh], [hinh_anh]) VALUES (138, 537, 1, N'https://res.cloudinary.com/dtwsqkqpc/image/upload/v1745222359/Ao_Tank_Top_Tennis_Pro_HEAT.RDY_Mau_xanh_da_troi_IW6422_21_model_ktr539.jpg')
INSERT [dbo].[hinh_anh] ([id_hinh_anh], [id_chi_tiet_san_pham], [anh_chinh], [hinh_anh]) VALUES (139, 539, 0, N'https://res.cloudinary.com/dtwsqkqpc/image/upload/v1745223703/V5-1361721-002_FC_szhqvd.jpg')
INSERT [dbo].[hinh_anh] ([id_hinh_anh], [id_chi_tiet_san_pham], [anh_chinh], [hinh_anh]) VALUES (140, 540, 1, N'https://res.cloudinary.com/dtwsqkqpc/image/upload/v1745223699/1366000-014.2_b1b3596ab9124c87aee21d9c84f11227_master_fmx5zf.jpg')
INSERT [dbo].[hinh_anh] ([id_hinh_anh], [id_chi_tiet_san_pham], [anh_chinh], [hinh_anh]) VALUES (141, 172, 0, N'https://res.cloudinary.com/dtwsqkqpc/image/upload/v1745223831/sad-optimized_hzvqff.png')
INSERT [dbo].[hinh_anh] ([id_hinh_anh], [id_chi_tiet_san_pham], [anh_chinh], [hinh_anh]) VALUES (142, 173, 1, N'https://res.cloudinary.com/dtwsqkqpc/image/upload/v1745223835/vn-11134207-7qukw-lk3qqjzg5e44aa_ycg97u.jpg')
INSERT [dbo].[hinh_anh] ([id_hinh_anh], [id_chi_tiet_san_pham], [anh_chinh], [hinh_anh]) VALUES (143, 543, 1, N'https://res.cloudinary.com/dtwsqkqpc/image/upload/v1745225128/Quan_Short_The_Thao_Det_Thoi_AEROREADY_Designed_2_Move_DJen_GT8161_01_laydown_zpsd7l.jpg')
INSERT [dbo].[hinh_anh] ([id_hinh_anh], [id_chi_tiet_san_pham], [anh_chinh], [hinh_anh]) VALUES (144, 545, 0, N'https://res.cloudinary.com/dtwsqkqpc/image/upload/v1745225335/1351667-001-1_cxhony.jpg')
INSERT [dbo].[hinh_anh] ([id_hinh_anh], [id_chi_tiet_san_pham], [anh_chinh], [hinh_anh]) VALUES (145, 546, 1, N'https://res.cloudinary.com/dtwsqkqpc/image/upload/v1745225330/1351667-014-1_bq82ss.jpg')
INSERT [dbo].[hinh_anh] ([id_hinh_anh], [id_chi_tiet_san_pham], [anh_chinh], [hinh_anh]) VALUES (146, 367, 0, N'https://res.cloudinary.com/dtwsqkqpc/image/upload/v1745225542/qua-n-short-nam-nike-pro-dri-fit-dd1918-010-mau-den-64a3a22eace17-04072023113806_xihjcf.webp')
INSERT [dbo].[hinh_anh] ([id_hinh_anh], [id_chi_tiet_san_pham], [anh_chinh], [hinh_anh]) VALUES (147, 368, 1, N'https://res.cloudinary.com/dtwsqkqpc/image/upload/v1745225568/c4bf46a82835_cngpsc.webp')
INSERT [dbo].[hinh_anh] ([id_hinh_anh], [id_chi_tiet_san_pham], [anh_chinh], [hinh_anh]) VALUES (148, 549, 1, N'https://res.cloudinary.com/dtwsqkqpc/image/upload/v1745226023/HJ9921-1_vt8b3p.jpg')
INSERT [dbo].[hinh_anh] ([id_hinh_anh], [id_chi_tiet_san_pham], [anh_chinh], [hinh_anh]) VALUES (149, 176, 1, N'https://res.cloudinary.com/dtwsqkqpc/image/upload/v1745226277/FN8798-688-1_js0wum.jpg')
INSERT [dbo].[hinh_anh] ([id_hinh_anh], [id_chi_tiet_san_pham], [anh_chinh], [hinh_anh]) VALUES (150, 552, 1, N'https://res.cloudinary.com/dtwsqkqpc/image/upload/v1745226365/1365226-001-1_exw1r3.jpg')
INSERT [dbo].[hinh_anh] ([id_hinh_anh], [id_chi_tiet_san_pham], [anh_chinh], [hinh_anh]) VALUES (151, 555, 1, N'https://res.cloudinary.com/dtwsqkqpc/image/upload/v1745226617/Arsenal_23-24_Home_Authentic_Jersey_Red_HR6931_HM30-768x684_kzdodc.png')
INSERT [dbo].[hinh_anh] ([id_hinh_anh], [id_chi_tiet_san_pham], [anh_chinh], [hinh_anh]) VALUES (152, 558, 1, N'https://res.cloudinary.com/dtwsqkqpc/image/upload/v1745227479/jordan-nba-lal-statement-edition-jersey-_23_lebron-james-do9530-508-front_zumtkk.png')
INSERT [dbo].[hinh_anh] ([id_hinh_anh], [id_chi_tiet_san_pham], [anh_chinh], [hinh_anh]) VALUES (153, 560, 1, N'https://res.cloudinary.com/dtwsqkqpc/image/upload/v1745227884/sg-11134201-7rblm-lnktoowkk9mwe8_hwbj7b.jpg')
INSERT [dbo].[hinh_anh] ([id_hinh_anh], [id_chi_tiet_san_pham], [anh_chinh], [hinh_anh]) VALUES (154, 561, 1, N'https://res.cloudinary.com/dtwsqkqpc/image/upload/v1745228562/vn-11134207-7r98o-lzcrtrylide5dc_cqh3rd.jpg')
INSERT [dbo].[hinh_anh] ([id_hinh_anh], [id_chi_tiet_san_pham], [anh_chinh], [hinh_anh]) VALUES (155, 564, 1, N'https://res.cloudinary.com/dtwsqkqpc/image/upload/v1745259717/z4260604917303_0cb32ed7eee8ec83e200d5796c1ca3ca_cd85d7dbb61248beb87f4ab58af410a1_r2uob9.jpg')
INSERT [dbo].[hinh_anh] ([id_hinh_anh], [id_chi_tiet_san_pham], [anh_chinh], [hinh_anh]) VALUES (156, 178, 0, N'https://res.cloudinary.com/dtwsqkqpc/image/upload/v1745266885/ao_20nike_ihfsla.jpg')
INSERT [dbo].[hinh_anh] ([id_hinh_anh], [id_chi_tiet_san_pham], [anh_chinh], [hinh_anh]) VALUES (157, 179, 1, N'https://res.cloudinary.com/dtwsqkqpc/image/upload/v1745266917/dd8541-836-5847_vdt011.jpg')
INSERT [dbo].[hinh_anh] ([id_hinh_anh], [id_chi_tiet_san_pham], [anh_chinh], [hinh_anh]) VALUES (158, 566, 0, N'https://res.cloudinary.com/dtwsqkqpc/image/upload/v1745267079/Ao_Polo_Tennis_Pro_HEAT.RDY_FreeLift_trang_IW6197_21_model_tutwdv.jpg')
INSERT [dbo].[hinh_anh] ([id_hinh_anh], [id_chi_tiet_san_pham], [anh_chinh], [hinh_anh]) VALUES (159, 567, 1, N'https://res.cloudinary.com/dtwsqkqpc/image/upload/v1745267094/Ao_Polo_Tennis_Pro_HEAT.RDY_FreeLift_Mau_xanh_da_troi_IT2262_21_model_tjp8w9.jpg')
INSERT [dbo].[hinh_anh] ([id_hinh_anh], [id_chi_tiet_san_pham], [anh_chinh], [hinh_anh]) VALUES (160, 44, 0, N'https://res.cloudinary.com/dtwsqkqpc/image/upload/v1745269501/DX0688-010-1_i70mck.jpg')
INSERT [dbo].[hinh_anh] ([id_hinh_anh], [id_chi_tiet_san_pham], [anh_chinh], [hinh_anh]) VALUES (161, 45, 0, N'https://res.cloudinary.com/dtwsqkqpc/image/upload/v1745269669/FN2799-100-1_ej1s0i.jpg')
INSERT [dbo].[hinh_anh] ([id_hinh_anh], [id_chi_tiet_san_pham], [anh_chinh], [hinh_anh]) VALUES (162, 46, 0, N'https://res.cloudinary.com/dtwsqkqpc/image/upload/v1745269609/FN2799-629-1_gleqfs.jpg')
INSERT [dbo].[hinh_anh] ([id_hinh_anh], [id_chi_tiet_san_pham], [anh_chinh], [hinh_anh]) VALUES (163, 47, 1, N'https://res.cloudinary.com/dtwsqkqpc/image/upload/v1745269533/FN2799-512-1_zpbiyt.jpg')
INSERT [dbo].[hinh_anh] ([id_hinh_anh], [id_chi_tiet_san_pham], [anh_chinh], [hinh_anh]) VALUES (164, 329, 1, N'https://res.cloudinary.com/dtwsqkqpc/image/upload/v1745270040/Ao_Thun_Minimal_Made_for_Training_AEROREADY_DJen_HM4490_01_laydown_iwxekc.jpg')
INSERT [dbo].[hinh_anh] ([id_hinh_anh], [id_chi_tiet_san_pham], [anh_chinh], [hinh_anh]) VALUES (165, 330, 0, N'https://res.cloudinary.com/dtwsqkqpc/image/upload/v1745269919/IT7419-1_st8o1d.jpg')
INSERT [dbo].[hinh_anh] ([id_hinh_anh], [id_chi_tiet_san_pham], [anh_chinh], [hinh_anh]) VALUES (166, 331, 0, N'https://res.cloudinary.com/dtwsqkqpc/image/upload/v1745269904/IT7421-1_tnmq0b.jpg')
INSERT [dbo].[hinh_anh] ([id_hinh_anh], [id_chi_tiet_san_pham], [anh_chinh], [hinh_anh]) VALUES (167, 569, 0, N'https://res.cloudinary.com/dtwsqkqpc/image/upload/v1745270631/1328964-001-1_gugsof.jpg')
INSERT [dbo].[hinh_anh] ([id_hinh_anh], [id_chi_tiet_san_pham], [anh_chinh], [hinh_anh]) VALUES (168, 570, 1, N'https://res.cloudinary.com/dtwsqkqpc/image/upload/v1745270604/1328964-663-1_yhokky.jpg')
INSERT [dbo].[hinh_anh] ([id_hinh_anh], [id_chi_tiet_san_pham], [anh_chinh], [hinh_anh]) VALUES (169, 182, 0, N'https://res.cloudinary.com/dtwsqkqpc/image/upload/v1745270804/Ao-Nike-Sportswear-Essential-Womens-Slim-fit-Crop-T-Shirt-Black-FB2874-010_eg7qjv.jpg')
INSERT [dbo].[hinh_anh] ([id_hinh_anh], [id_chi_tiet_san_pham], [anh_chinh], [hinh_anh]) VALUES (170, 183, 1, N'https://res.cloudinary.com/dtwsqkqpc/image/upload/v1745270756/nike-w-nsw-essntl-rib-crp-tank_pqabch.jpg')
INSERT [dbo].[hinh_anh] ([id_hinh_anh], [id_chi_tiet_san_pham], [anh_chinh], [hinh_anh]) VALUES (171, 184, 0, N'https://res.cloudinary.com/dtwsqkqpc/image/upload/v1745270777/FB8280-019-1_skt2i8.jpg')
INSERT [dbo].[hinh_anh] ([id_hinh_anh], [id_chi_tiet_san_pham], [anh_chinh], [hinh_anh]) VALUES (172, 574, 0, N'https://res.cloudinary.com/dtwsqkqpc/image/upload/v1745271389/Ao_Thun_Lung_Dang_Suong_3_Soc_Adicolor_DJen_JC8149_01_laydown_uyazcc.jpg')
INSERT [dbo].[hinh_anh] ([id_hinh_anh], [id_chi_tiet_san_pham], [anh_chinh], [hinh_anh]) VALUES (173, 575, 1, N'https://res.cloudinary.com/dtwsqkqpc/image/upload/v1745271136/ao-croptop-nu-adidas-originals-tee-ic2378-mau-tim-size-l-66bdc5b045700-15082024160904_a2fthm.webp')
INSERT [dbo].[hinh_anh] ([id_hinh_anh], [id_chi_tiet_san_pham], [anh_chinh], [hinh_anh]) VALUES (174, 577, 1, N'https://res.cloudinary.com/dtwsqkqpc/image/upload/v1745271709/be38342c_f0f7_42ce_bbef_37809998b053_ikxnpb.jpg')
INSERT [dbo].[hinh_anh] ([id_hinh_anh], [id_chi_tiet_san_pham], [anh_chinh], [hinh_anh]) VALUES (175, 578, 0, N'https://res.cloudinary.com/dtwsqkqpc/image/upload/v1745271677/c387e6a4_225a_4d46_9006_6de4d385a667_jr1zuk.jpg')
INSERT [dbo].[hinh_anh] ([id_hinh_anh], [id_chi_tiet_san_pham], [anh_chinh], [hinh_anh]) VALUES (176, 580, 1, N'https://res.cloudinary.com/dtwsqkqpc/image/upload/v1745271810/1360831-011-1_vkkerp.jpg')
INSERT [dbo].[hinh_anh] ([id_hinh_anh], [id_chi_tiet_san_pham], [anh_chinh], [hinh_anh]) VALUES (177, 187, 0, N'https://res.cloudinary.com/dtwsqkqpc/image/upload/v1745271995/1b93ec65-31fe-4880-a9bb-7cf0de432938_size2010x2010_cropCenter_a5rm3x.jpg')
INSERT [dbo].[hinh_anh] ([id_hinh_anh], [id_chi_tiet_san_pham], [anh_chinh], [hinh_anh]) VALUES (178, 188, 0, N'https://res.cloudinary.com/dtwsqkqpc/image/upload/v1745271977/ad6a4708-b5c8-4b07-9625-2c817e11d191_size2010x2010_cropCenter_famqgw.jpg')
INSERT [dbo].[hinh_anh] ([id_hinh_anh], [id_chi_tiet_san_pham], [anh_chinh], [hinh_anh]) VALUES (179, 189, 1, N'https://res.cloudinary.com/dtwsqkqpc/image/upload/v1745271981/30c91edf-b2ca-47d3-9b07-85437eac65ba_size2010x2010_cropCenter_mr198s.jpg')
INSERT [dbo].[hinh_anh] ([id_hinh_anh], [id_chi_tiet_san_pham], [anh_chinh], [hinh_anh]) VALUES (180, 584, 0, N'https://res.cloudinary.com/dtwsqkqpc/image/upload/v1745272163/6afbce9b-8059-46ac-81cc-e80efd1d1ac4_ezpo2x.jpg')
INSERT [dbo].[hinh_anh] ([id_hinh_anh], [id_chi_tiet_san_pham], [anh_chinh], [hinh_anh]) VALUES (181, 585, 1, N'https://res.cloudinary.com/dtwsqkqpc/image/upload/v1745272150/essentials-fleece-3-stripes-full-zip-hoodie-grey-ij6479-01-laydown-1_jvukew.jpg')
INSERT [dbo].[hinh_anh] ([id_hinh_anh], [id_chi_tiet_san_pham], [anh_chinh], [hinh_anh]) VALUES (182, 588, 1, N'https://res.cloudinary.com/dtwsqkqpc/image/upload/v1745272589/83_677882_1_a1b93f26690b47ca90633abc78a15c9f_qjfmds.jpg')
INSERT [dbo].[hinh_anh] ([id_hinh_anh], [id_chi_tiet_san_pham], [anh_chinh], [hinh_anh]) VALUES (183, 192, 0, N'https://res.cloudinary.com/dtwsqkqpc/image/upload/v1745273486/fg2_361d8f7c9a234db29c9b84ac5e8970a7_grande_a46c7380361f442b927b3303b74fa249_master_nsnbyi.jpg')
INSERT [dbo].[hinh_anh] ([id_hinh_anh], [id_chi_tiet_san_pham], [anh_chinh], [hinh_anh]) VALUES (184, 193, 0, N'https://res.cloudinary.com/dtwsqkqpc/image/upload/v1745273286/cu8893-651__1__ed943c7f7e1e447dad5c316fee119e12_1024x1024_si6twy.jpg')
INSERT [dbo].[hinh_anh] ([id_hinh_anh], [id_chi_tiet_san_pham], [anh_chinh], [hinh_anh]) VALUES (185, 194, 1, N'https://res.cloudinary.com/dtwsqkqpc/image/upload/v1745273298/DD5936-478-1_wmknkh.jpg')
INSERT [dbo].[hinh_anh] ([id_hinh_anh], [id_chi_tiet_san_pham], [anh_chinh], [hinh_anh]) VALUES (186, 195, 0, N'https://res.cloudinary.com/dtwsqkqpc/image/upload/v1745273293/cu8893-644__1__728dc7255839474580871aae724fa7f9_1024x1024_o52o4j.png')
INSERT [dbo].[hinh_anh] ([id_hinh_anh], [id_chi_tiet_san_pham], [anh_chinh], [hinh_anh]) VALUES (187, 334, 0, N'https://res.cloudinary.com/dtwsqkqpc/image/upload/v1745310643/IC5184-1_c5eucx.jpg')
INSERT [dbo].[hinh_anh] ([id_hinh_anh], [id_chi_tiet_san_pham], [anh_chinh], [hinh_anh]) VALUES (188, 335, 1, N'https://res.cloudinary.com/dtwsqkqpc/image/upload/v1745310659/IN1586-1_i2vvpi.jpg')
INSERT [dbo].[hinh_anh] ([id_hinh_anh], [id_chi_tiet_san_pham], [anh_chinh], [hinh_anh]) VALUES (189, 591, 1, N'https://res.cloudinary.com/dtwsqkqpc/image/upload/v1745311072/1344552-639-1_rw4l2i.jpg')
INSERT [dbo].[hinh_anh] ([id_hinh_anh], [id_chi_tiet_san_pham], [anh_chinh], [hinh_anh]) VALUES (190, 592, 0, N'https://res.cloudinary.com/dtwsqkqpc/image/upload/v1745311069/1344552-432-1_vq6kms.jpg')
INSERT [dbo].[hinh_anh] ([id_hinh_anh], [id_chi_tiet_san_pham], [anh_chinh], [hinh_anh]) VALUES (191, 50, 0, N'https://res.cloudinary.com/dtwsqkqpc/image/upload/v1745311513/AS_W_NK_GO_HR_7_2F8_TGHT_RFLCTV_c9vrki.jpg')
INSERT [dbo].[hinh_anh] ([id_hinh_anh], [id_chi_tiet_san_pham], [anh_chinh], [hinh_anh]) VALUES (192, 51, 1, N'https://res.cloudinary.com/dtwsqkqpc/image/upload/v1745311501/FV7383-478-1_bpw4l6.jpg')
INSERT [dbo].[hinh_anh] ([id_hinh_anh], [id_chi_tiet_san_pham], [anh_chinh], [hinh_anh]) VALUES (193, 52, 0, N'https://res.cloudinary.com/dtwsqkqpc/image/upload/v1745311508/Quan-Nike-Go-Womens-Firm-Support-High-Waisted-78-Leggings-with-Pockets-DQ5640-208-9.jpg_svwelr.webp')
INSERT [dbo].[hinh_anh] ([id_hinh_anh], [id_chi_tiet_san_pham], [anh_chinh], [hinh_anh]) VALUES (194, 595, 1, N'https://res.cloudinary.com/dtwsqkqpc/image/upload/v1745311895/Quan_Legging_7-8_Cap_Cao_Training_Essentials_DJen_HC8934_01_laydown_pfxs6r.jpg')
INSERT [dbo].[hinh_anh] ([id_hinh_anh], [id_chi_tiet_san_pham], [anh_chinh], [hinh_anh]) VALUES (195, 598, 1, N'https://res.cloudinary.com/dtwsqkqpc/image/upload/v1745312070/1365336-001-1_wlcpve.jpg')
INSERT [dbo].[hinh_anh] ([id_hinh_anh], [id_chi_tiet_san_pham], [anh_chinh], [hinh_anh]) VALUES (196, 198, 0, N'https://res.cloudinary.com/dtwsqkqpc/image/upload/v1745312193/vngoods_09_455942_3x4_khkpkq.jpg')
INSERT [dbo].[hinh_anh] ([id_hinh_anh], [id_chi_tiet_san_pham], [anh_chinh], [hinh_anh]) VALUES (197, 199, 0, N'https://res.cloudinary.com/dtwsqkqpc/image/upload/v1745312199/vngoods_03_455942_3x4_niqm54.jpg')
INSERT [dbo].[hinh_anh] ([id_hinh_anh], [id_chi_tiet_san_pham], [anh_chinh], [hinh_anh]) VALUES (198, 200, 1, N'https://res.cloudinary.com/dtwsqkqpc/image/upload/v1745312203/vngoods_32_455942_3x4_uhdjld.jpg')
INSERT [dbo].[hinh_anh] ([id_hinh_anh], [id_chi_tiet_san_pham], [anh_chinh], [hinh_anh]) VALUES (199, 600, 1, N'https://res.cloudinary.com/dtwsqkqpc/image/upload/v1745312382/sg-11134201-7reo6-m8djet37hfhed7_vbi8xh.webp')
INSERT [dbo].[hinh_anh] ([id_hinh_anh], [id_chi_tiet_san_pham], [anh_chinh], [hinh_anh]) VALUES (200, 604, 1, N'https://res.cloudinary.com/dtwsqkqpc/image/upload/v1745312516/01_535685_1_177dd53db3134deda6b5d5a77bb8a0c7_e3xoz8.jpg')
INSERT [dbo].[hinh_anh] ([id_hinh_anh], [id_chi_tiet_san_pham], [anh_chinh], [hinh_anh]) VALUES (201, 610, 1, N'https://res.cloudinary.com/dtwsqkqpc/image/upload/v1745312597/Quan-Nike-Zenvy-Womens-Gentle-Support-High-Waisted-Full-Length-Leggings-DQ6014-208.jpg_t1ctx6.webp')
INSERT [dbo].[hinh_anh] ([id_hinh_anh], [id_chi_tiet_san_pham], [anh_chinh], [hinh_anh]) VALUES (202, 613, 1, N'https://res.cloudinary.com/dtwsqkqpc/image/upload/v1745312738/Quan_Legging_7-8_Luxe_Optime_DJen_IQ2692_21_model_vevc5y.jpg')
GO
INSERT [dbo].[hinh_anh] ([id_hinh_anh], [id_chi_tiet_san_pham], [anh_chinh], [hinh_anh]) VALUES (203, 371, 1, N'https://res.cloudinary.com/dtwsqkqpc/image/upload/v1745312897/LW5CJ5S_0001_1_yohuse.jpg')
INSERT [dbo].[hinh_anh] ([id_hinh_anh], [id_chi_tiet_san_pham], [anh_chinh], [hinh_anh]) VALUES (204, 372, 0, N'https://res.cloudinary.com/dtwsqkqpc/image/upload/v1745312924/LW5CT3S_031382_1_lszjlz.jpg')
INSERT [dbo].[hinh_anh] ([id_hinh_anh], [id_chi_tiet_san_pham], [anh_chinh], [hinh_anh]) VALUES (205, 373, 0, N'https://res.cloudinary.com/dtwsqkqpc/image/upload/v1745312931/LW5CTCS_026956_1_xa4wcf.jpg')
INSERT [dbo].[hinh_anh] ([id_hinh_anh], [id_chi_tiet_san_pham], [anh_chinh], [hinh_anh]) VALUES (206, 615, 1, N'https://res.cloudinary.com/dtwsqkqpc/image/upload/v1745313074/s-l1200_yu4uiz.jpg')
INSERT [dbo].[hinh_anh] ([id_hinh_anh], [id_chi_tiet_san_pham], [anh_chinh], [hinh_anh]) VALUES (207, 616, 0, N'https://res.cloudinary.com/dtwsqkqpc/image/upload/v1745313092/57b00b19-eb31-4d7d-87d4-a866925ffb1f.933c9178af0b2e95f85f6f6935b5e748_a5cmyo.jpg')
INSERT [dbo].[hinh_anh] ([id_hinh_anh], [id_chi_tiet_san_pham], [anh_chinh], [hinh_anh]) VALUES (208, 617, 1, N'https://res.cloudinary.com/dtwsqkqpc/image/upload/v1745313229/Yoga_Studio_Printed_Tank_Top_Yellow_IU3183_HM1_byy6nd.jpg')
INSERT [dbo].[hinh_anh] ([id_hinh_anh], [id_chi_tiet_san_pham], [anh_chinh], [hinh_anh]) VALUES (209, 619, 1, N'https://res.cloudinary.com/dtwsqkqpc/image/upload/v1745313332/W2564R_01_b1_s1_a1_1_m54_750x_tcq54x.jpg')
INSERT [dbo].[hinh_anh] ([id_hinh_anh], [id_chi_tiet_san_pham], [anh_chinh], [hinh_anh]) VALUES (210, 620, 0, N'https://res.cloudinary.com/dtwsqkqpc/image/upload/v1745313312/W2564R_00_b1_s1_a1_1_m91_750x_ukor41.jpg')
INSERT [dbo].[hinh_anh] ([id_hinh_anh], [id_chi_tiet_san_pham], [anh_chinh], [hinh_anh]) VALUES (211, 208, 1, N'https://res.cloudinary.com/dtwsqkqpc/image/upload/v1745313499/Vay-NikeCourt-Dri-FIT-Victory-Womens-Flouncy-Tennis-Skirt-DH9553-100_k2ckyc.jpg')
INSERT [dbo].[hinh_anh] ([id_hinh_anh], [id_chi_tiet_san_pham], [anh_chinh], [hinh_anh]) VALUES (212, 209, 0, N'https://res.cloudinary.com/dtwsqkqpc/image/upload/v1745313541/W_NKCT_DF_VCTRY_SKRT_FLOUNCY_cczkos.jpg')
INSERT [dbo].[hinh_anh] ([id_hinh_anh], [id_chi_tiet_san_pham], [anh_chinh], [hinh_anh]) VALUES (213, 342, 1, N'https://res.cloudinary.com/dtwsqkqpc/image/upload/v1745313640/Chan_Vay_Xep_Ly_Club_Tennis_Climacool_trang_JD6116_01_laydown_bzoish.jpg')
INSERT [dbo].[hinh_anh] ([id_hinh_anh], [id_chi_tiet_san_pham], [anh_chinh], [hinh_anh]) VALUES (214, 343, 0, N'https://res.cloudinary.com/dtwsqkqpc/image/upload/v1745313645/Chan_Vay_Xep_Ly_Club_Tennis_Climacool_DJen_JD6117_01_laydown_nb6sw8.jpg')
INSERT [dbo].[hinh_anh] ([id_hinh_anh], [id_chi_tiet_san_pham], [anh_chinh], [hinh_anh]) VALUES (215, 622, 1, N'https://res.cloudinary.com/dtwsqkqpc/image/upload/v1745313780/TW33D753_492_01_e_hy0gqe.jpg')
INSERT [dbo].[hinh_anh] ([id_hinh_anh], [id_chi_tiet_san_pham], [anh_chinh], [hinh_anh]) VALUES (216, 624, 1, N'https://res.cloudinary.com/dtwsqkqpc/image/upload/v1745313865/Ao-202425-China-Team-Away-Fan-Version-Nike-Dri-FIT-Womens-Soccer-Jersey-FJ4329-100_qrtyxd.jpg')
INSERT [dbo].[hinh_anh] ([id_hinh_anh], [id_chi_tiet_san_pham], [anh_chinh], [hinh_anh]) VALUES (217, 625, 1, N'https://res.cloudinary.com/dtwsqkqpc/image/upload/v1745314054/1382965-100-1_gftxus.jpg')
SET IDENTITY_INSERT [dbo].[hinh_anh] OFF
GO
-- 14. Bảng chi_tiet_khuyen_mai
/*
INSERT INTO chi_tiet_khuyen_mai (id_khuyen_mai, id_chi_tiet_san_pham) VALUES
(1, 1),
(2, 2),
(3, 3),
(4, 4),
(5, 5),
(6, 6),
(7, 7),
(8, 8),
(9, 9),
(10, 10);
*/
-- 15. Bảng khach_hang
INSERT INTO khach_hang (ma_khach_hang, ten_khach_hang, gioi_tinh, so_dien_thoai, ngay_sinh, email, id_tai_khoan, trang_thai) VALUES
( 'KH001', N'Nguyễn Văn Khách 1', 1, '0910000001', '1990-01-01', 'kh1@example.com', 11, N'Đang hoạt động'), -- Khách hàng
( 'KH002', N'Phạm Thị Khách 2', 0, '0910000002', '1991-02-02', 'kh2@example.com', 12, N'Đang hoạt động'), -- Khách hàng
( 'KH003', N'Lê Văn Khách 3', 1, '0910000003', '1992-03-03', 'kh3@example.com', 13, N'Đang hoạt động'), -- Khách hàng
( 'KH004', N'Trần Thị Khách 4', 0, '0910000004', '1993-04-04', 'kh4@example.com', 14, N'Đang hoạt động'), -- Khách hàng
( 'KH005', N'Hoàng Văn Khách 5', 1, '0910000005', '1994-05-05', 'kh5@example.com', 15, N'Đang hoạt động'), -- Khách hàng
( 'KH006', N'Vũ Thị Khách 6', 0, '0910000006', '1995-06-06', 'kh6@example.com', 16, N'Đang hoạt động'), -- Khách hàng
( 'KH007', N'Đặng Văn Khách 7', 1, '0910000007', '1996-07-07', 'kh7@example.com', 17, N'Đang hoạt động'), -- Khách hàng
( 'KH008', N'Bùi Thị Khách 8', 0, '0910000008', '1997-08-08', 'kh8@example.com', 18, N'Đang hoạt động'), -- Khách hàng
( 'KH009', N'Phan Văn Khách 9', 1, '0910000009', '1998-09-09', 'kh9@example.com', 19, N'Đang hoạt động'), -- Khách hàng
('KH010', N'Ngô Thị Khách 10', 0, '0910000010', '1999-10-10', 'kh10@example.com', 20, N'Đang hoạt động'); -- Khách hàng

-- 16. Bảng gio_hang
INSERT INTO gio_hang (id_khach_hang) VALUES
(1), (2), (3), (4), (5), (6), (7), (8), (9), (10);

-- 17. Bảng chi_tiet_gio_hang
INSERT INTO chi_tiet_gio_hang (id_gio_hang, id_chi_tiet_san_pham, so_luong) VALUES
(1, 1, 1),
(2, 2, 2),
(3, 3, 1),
(4, 4, 3),
(5, 5, 2),
(6, 6, 1),
(7, 7, 4),
(8, 8, 2),
(9, 9, 1),
(10, 10, 3);

-- 18. Bảng binh_luan
INSERT INTO binh_luan (id_khach_hang, id_chi_tiet_san_pham, binh_luan, danh_gia, ngay_binh_luan, ngay_sua) VALUES
(1, 1, N'Sản phẩm tốt', 4.5, '2025-03-01', '2025-03-01'),
(2, 2, N'Chất lượng ổn', 4.0, '2025-03-02', '2025-03-02'),
(3, 3, N'Rất hài lòng', 5.0, '2025-03-03', '2025-03-03'),
(4, 4, N'Tạm được', 3.5, '2025-03-04', '2025-03-04'),
(5, 5, N'Không tệ', 4.0, '2025-03-05', '2025-03-05'),
(6, 6, N'Đẹp lắm', 4.8, '2025-03-06', '2025-03-06'),
(7, 7, N'Ổn áp', 4.2, '2025-03-07', '2025-03-07'),
(8, 8, N'Bình thường', 3.0, '2025-03-08', '2025-03-08'),
(9, 9, N'Tuyệt vời', 5.0, '2025-03-09', '2025-03-09'),
(10, 10, N'Hài lòng', 4.5, '2025-03-10', '2025-03-10');

-- 19. Bảng danh_sach_yeu_thich
INSERT INTO danh_sach_yeu_thich (id_khach_hang, id_chi_tiet_san_pham, ngay_them) VALUES
(1, 1, '2025-03-01'),
(2, 2, '2025-03-02'),
(3, 3, '2025-03-03'),
(4, 4, '2025-03-04'),
(5, 5, '2025-03-05'),
(6, 6, '2025-03-06'),
(7, 7, '2025-03-07'),
(8, 8, '2025-03-08'),
(9, 9, '2025-03-09'),
(10, 10, '2025-03-10');

-- 20. Bảng dia_chi_khach_hang
INSERT INTO dia_chi_khach_hang (id_khach_hang, so_nha, xa_phuong, quan_huyen, tinh_thanh_pho, dia_chi_mac_dinh) VALUES
(1, N'Số nhà 25', N'Phường Cổ Nhuế 1', N'Quận Bắc Từ Liêm', N'Hà Nội', 1),
(2, N'Số nhà 225', N'Phường Phương Canh', N'Quận Nam Từ Liêm', N'Hà Nội', 1),
(3, N'Số nhà 125', N'Phường 15', N'Quận Tân Bình', N'Hồ Chí Minh', 1),
(4, N'Số nhà 2', N'Phường Bến Nghé', N'Quận 1', N'Hồ Chí Minh', 1),
(5, N'Số nhà 5', N'Phường Hải Châu 1', N'Quận Hải Châu', N'Đà Nẵng', 1),
(6, N'Số nhà 3', N'Phường Thọ Quang', N'Quận Sơn Trà', N'Đà Nẵng', 1),
(7, N'Số nhà 45', N'Phường Hòa Khánh', N'Quận Liên Chiểu', N'Đà Nẵng', 1),
(8, N'Số nhà 5', N'Phường 10', N'Quận 3', N'Hồ Chí Minh', 1),
(9, N'Số nhà 11', N'Phường Xuân Đỉnh', N'Quận Bắc Từ Liêm', N'Hà Nội', 1),
(10, N'Số nhà 41', N'Phường Tân Phú', N'Quận 7', N'Hồ Chí Minh', 1);

-- 21. Bảng voucher
INSERT INTO voucher (ma_voucher, ten_voucher, ngay_tao, ngay_het_han, gia_tri_giam, gia_tri_toi_thieu, trang_thai, so_luong, kieu_giam_gia, mo_ta, gia_tri_toi_da) VALUES
('VC001', N'Voucher 50K', '2025-01-05', '2025-03-01', 50000, 300000, N'Đang diễn ra', 100, N'Tiền mặt', N'Giảm 50K cho đơn từ 300K', 50000),
('VC002', N'Voucher 10%', '2025-02-10', '2025-04-01', 10, 500000, N'Đang diễn ra', 50, N'Phần trăm', N'Giảm 10% cho đơn từ 500K', 100000),
('VC003', N'Voucher sinh nhật', '2025-03-01', '2025-03-31', 20, 400000, N'Đang diễn ra', 30, N'Phần trăm', N'Ưu đãi sinh nhật 20% đơn từ 400K', 80000),
('VC004', N'Voucher 150K', '2025-06-05', '2025-07-01', 150000, 700000, N'Sắp diễn ra', 30, N'Tiền mặt', N'Giảm ngay 150K cho đơn từ 700K', 150000),
('VC005', N'Voucher mùa hè', '2025-07-10', '2025-08-10', 15, 350000, N'Sắp diễn ra', 20, N'Phần trăm', N'Giảm 15% tối đa 75K', 75000),
('VC006', N'Voucher 20K', '2025-01-01', '2025-02-01', 20000, 200000, N'Đã kết thúc', 0, N'Tiền mặt', N'Giảm 20K cho đơn từ 200K', 20000),
('VC007', N'Voucher 25%', '2025-04-01', '2025-05-01', 25, 600000, N'Sắp diễn ra', 40, N'Phần trăm', N'Giảm 25% tối đa 150K', 150000),
('VC008', N'Voucher 100K', '2025-03-15', '2025-04-15', 100000, 500000, N'Đang diễn ra', 60, N'Tiền mặt', N'Giảm 100K cho đơn từ 500K', 100000),
('VC009', N'Voucher khai trương', '2025-02-01', '2025-03-01', 30, 800000, N'Đang diễn ra', 25, N'Phần trăm', N'Giảm 30% tối đa 200K', 200000),
('VC010', N'Voucher cuối năm', '2025-12-01', '2025-12-31', 50000, 400000, N'Sắp diễn ra', 50, N'Tiền mặt', N'Giảm 50K cho đơn từ 400K', 50000);

-- 22. Bảng hoa_don
INSERT INTO hoa_don (ma_hoa_don, id_nhan_vien, id_khach_hang, ngay_tao, ngay_sua, trang_thai, id_voucher, sdt_nguoi_nhan, dia_chi, email, tong_tien_truoc_giam, phi_van_chuyen, ho_ten, tong_tien_sau_giam, hinh_thuc_thanh_toan, phuong_thuc_nhan_hang, loai_hoa_don) VALUES
('HD001', 1, 1, '2025-02-01', '2025-02-01', N'Hoàn thành', 1, '0910000001', N'123 Đường A, Hà Nội', 'kh1@example.com', 100000, 30000, N'Nguyễn Văn M', 130000, N'Tiền mặt', N'Giao hàng', N'Online'),
('HD002', 2, 2, '2025-02-02', '2025-02-02', N'Hoàn thành', 2, '0910000002', N'456 Đường B, Hồ Chí Minh', 'kh2@example.com', 400000, 50000, N'Phạm Thị N', 450000, N'Chuyển khoản', N'Nhận tại cửa hàng', N'Offline'),
('HD003', 3, 3, '2025-02-03', '2025-02-03', N'Hoàn thành', 3, '0910000003', N'789 Đường C, Đà Nẵng', 'kh3@example.com', 300000, 50000, N'Lê Văn O', 350000, N'Tiền mặt', N'Giao hàng', N'Offline'),
('HD004', 3, 3, '2025-02-03', '2025-02-03', N'Hoàn thành', 3, '0910000003', N'789 Đường C, Đà Nẵng', 'kh3@example.com', 900000, 50000, N'Lê Văn O', 950000, N'Tiền mặt', N'Nhận tại cửa hàng', N'Offline'),
('HD005', 3, 3, '2025-02-03', '2025-02-03', N'Hoàn thành', 3, '0910000003', N'789 Đường C, Đà Nẵng', 'kh3@example.com', 4900000, 100000, N'Lê Văn O', 5000000, N'Chuyển khoản', N'Giao hàng', N'Online'),
('HD006', 3, 3, '2025-02-03', '2025-02-03', N'Hoàn thành', 3, '0910000003', N'789 Đường C, Đà Nẵng', 'kh3@example.com', 4700000, 100000, N'Lê Văn O', 4800000, N'Tiền mặt', N'Giao hàng', N'Online');

-- 23. Bảng hoa_don_chi_tiet
INSERT INTO hoa_don_chi_tiet (id_hoa_don, id_chi_tiet_san_pham, so_luong, don_gia) VALUES
(1, 1, 1, 100000),
(2, 2, 2, 200000),
(3, 3, 1, 300000),
(4, 1, 3, 100000),
(4, 3, 2, 300000),
(5, 5, 1, 500000),
(5, 4, 3, 400000),
(5, 8, 4, 800000),
(6, 2, 5, 200000),
(6, 9, 3, 900000),
(6, 10, 1, 1000000);

-- 24. Bảng theo_doi_don_hang
INSERT INTO theo_doi_don_hang (id_hoa_don, trang_thai, ngay_chuyen) VALUES
(1, N'Đã hủy', '2025-02-02'),
(2, N'Chờ xác nhận', '2025-02-03'),
(3, N'Đang giao', '2025-02-03'),
(4, N'Hoàn thành', '2025-02-03'),
(5, N'Đã xác nhận', '2025-02-03'),
(6, N'Hoàn thành', '2025-02-04');